-- phpMyAdmin SQL Dump
-- version 4.6.6deb4
-- https://www.phpmyadmin.net/
--
-- Host: localhost:3306
-- Generation Time: Aug 24, 2018 at 06:07 PM
-- Server version: 10.1.26-MariaDB-0+deb9u1
-- PHP Version: 7.0.27-0+deb9u1

SET SQL_MODE = "NO_AUTO_VALUE_ON_ZERO";
SET time_zone = "+00:00";


/*!40101 SET @OLD_CHARACTER_SET_CLIENT=@@CHARACTER_SET_CLIENT */;
/*!40101 SET @OLD_CHARACTER_SET_RESULTS=@@CHARACTER_SET_RESULTS */;
/*!40101 SET @OLD_COLLATION_CONNECTION=@@COLLATION_CONNECTION */;
/*!40101 SET NAMES utf8mb4 */;

--
-- Database: `Gestion_documental`
--

-- --------------------------------------------------------

--
-- Table structure for table `AGRUPACION_TABLAS_RETENCION`
--

CREATE TABLE `AGRUPACION_TABLAS_RETENCION` (
  `id` int(11) NOT NULL,
  `dependencia_id` int(11) NOT NULL,
  `serie_documental_id` int(11) NOT NULL,
  `subserie_documental_id` int(11) NOT NULL,
  `tipo_documental_id` int(11) NOT NULL
) ENGINE=InnoDB DEFAULT CHARSET=utf8 COLLATE=utf8_unicode_ci;

--
-- Dumping data for table `AGRUPACION_TABLAS_RETENCION`
--

INSERT INTO `AGRUPACION_TABLAS_RETENCION` (`id`, `dependencia_id`, `serie_documental_id`, `subserie_documental_id`, `tipo_documental_id`) VALUES
(1, 1, 6, 201, 840),
(2, 1, 13, 201, 840),
(3, 1, 16, 201, 840),
(4, 1, 25, 201, 840),
(5, 1, 25, 201, 297),
(6, 1, 36, 201, 840),
(7, 1, 36, 110, 840),
(8, 1, 36, 110, 812),
(9, 1, 36, 110, 455),
(10, 1, 36, 110, 489),
(11, 1, 36, 110, 818),
(12, 1, 36, 123, 840),
(13, 1, 36, 123, 499),
(14, 1, 36, 123, 471),
(15, 1, 36, 123, 490),
(16, 1, 46, 201, 840),
(17, 1, 46, 201, 222),
(18, 1, 46, 201, 173),
(19, 1, 46, 201, 405),
(20, 1, 46, 201, 313),
(21, 1, 46, 201, 739),
(22, 1, 46, 201, 574),
(23, 1, 51, 201, 840),
(24, 1, 51, 201, 628),
(25, 1, 57, 201, 840),
(26, 1, 57, 201, 673),
(27, 1, 64, 201, 840),
(28, 1, 64, 73, 840),
(29, 1, 64, 73, 782),
(30, 1, 64, 73, 249),
(31, 1, 64, 73, 179),
(32, 1, 67, 201, 840),
(33, 1, 67, 201, 242),
(34, 2, 2, 201, 840),
(35, 2, 2, 75, 840),
(36, 2, 2, 75, 834),
(37, 2, 2, 75, 87),
(38, 2, 2, 75, 254),
(39, 2, 2, 75, 376),
(40, 2, 2, 75, 589),
(41, 2, 2, 75, 378),
(42, 2, 2, 75, 301),
(43, 2, 2, 75, 254),
(44, 2, 5, 201, 840),
(45, 2, 5, 147, 840),
(46, 2, 5, 147, 266),
(47, 2, 5, 147, 8),
(48, 2, 5, 175, 840),
(49, 2, 5, 175, 266),
(50, 2, 5, 175, 8),
(51, 2, 5, 177, 840),
(52, 2, 5, 177, 266),
(53, 2, 5, 177, 8),
(54, 2, 5, 179, 840),
(55, 2, 5, 179, 206),
(56, 2, 5, 179, 8),
(57, 2, 5, 180, 840),
(58, 2, 5, 180, 266),
(59, 2, 5, 180, 39),
(60, 2, 5, 192, 840),
(61, 2, 5, 192, 266),
(62, 2, 5, 192, 8),
(63, 2, 5, 197, 840),
(64, 2, 5, 197, 266),
(65, 2, 5, 197, 8),
(66, 2, 10, 201, 840),
(67, 2, 10, 6, 840),
(68, 2, 10, 6, 231),
(69, 2, 10, 6, 235),
(70, 2, 11, 201, 840),
(71, 2, 11, 7, 840),
(72, 2, 11, 7, 206),
(73, 2, 11, 7, 538),
(74, 2, 12, 201, 840),
(75, 2, 12, 78, 840),
(76, 2, 12, 78, 793),
(77, 2, 12, 78, 700),
(78, 2, 12, 78, 156),
(79, 2, 12, 78, 387),
(80, 2, 12, 78, 720),
(81, 2, 12, 78, 411),
(82, 2, 12, 78, 765),
(83, 2, 12, 78, 437),
(84, 2, 12, 78, 432),
(85, 2, 12, 78, 156),
(86, 2, 12, 160, 840),
(87, 2, 12, 160, 806),
(88, 2, 12, 160, 798),
(89, 2, 12, 160, 182),
(90, 2, 12, 160, 332),
(91, 2, 12, 160, 700),
(92, 2, 36, 201, 840),
(93, 2, 36, 110, 840),
(94, 2, 36, 110, 811),
(95, 2, 36, 110, 452),
(96, 2, 36, 110, 468),
(97, 2, 36, 135, 840),
(98, 2, 36, 135, 468),
(99, 2, 36, 139, 840),
(100, 2, 36, 139, 468),
(101, 2, 36, 153, 840),
(102, 2, 36, 153, 474),
(103, 2, 36, 153, 570),
(104, 2, 36, 153, 280),
(105, 2, 36, 153, 669),
(106, 2, 36, 153, 555),
(107, 2, 36, 153, 336),
(108, 2, 36, 153, 106),
(109, 2, 36, 153, 2),
(110, 2, 36, 153, 4),
(111, 2, 36, 153, 3),
(112, 2, 36, 153, 479),
(113, 2, 44, 201, 840),
(114, 2, 44, 26, 840),
(115, 2, 44, 26, 130),
(116, 2, 44, 26, 666),
(117, 2, 44, 26, 138),
(118, 2, 44, 26, 383),
(119, 2, 44, 26, 381),
(120, 2, 44, 26, 385),
(121, 2, 44, 26, 404),
(122, 2, 44, 26, 452),
(123, 2, 44, 26, 465),
(124, 2, 44, 26, 542),
(125, 2, 44, 26, 807),
(126, 2, 44, 26, 548),
(127, 2, 44, 26, 555),
(128, 2, 44, 26, 655),
(129, 2, 50, 201, 840),
(130, 2, 50, 201, 617),
(131, 2, 50, 201, 230),
(132, 2, 50, 201, 500),
(133, 2, 51, 201, 840),
(134, 2, 51, 119, 840),
(135, 2, 51, 119, 619),
(136, 2, 51, 126, 840),
(137, 2, 51, 126, 557),
(138, 2, 51, 126, 782),
(139, 2, 51, 126, 764),
(140, 2, 51, 126, 456),
(141, 2, 51, 131, 840),
(142, 2, 51, 131, 621),
(143, 2, 51, 162, 840),
(144, 2, 51, 162, 619),
(145, 2, 53, 201, 840),
(146, 2, 53, 201, 653),
(147, 2, 53, 201, 621),
(148, 2, 53, 201, 558),
(149, 2, 53, 201, 465),
(150, 2, 53, 201, 223),
(151, 2, 53, 201, 40),
(152, 2, 59, 201, 840),
(153, 2, 59, 35, 840),
(154, 2, 59, 35, 649),
(155, 2, 59, 35, 728),
(156, 2, 59, 35, 738),
(157, 2, 60, 201, 840),
(158, 2, 60, 37, 840),
(159, 2, 60, 37, 331),
(160, 2, 60, 37, 379),
(161, 2, 60, 37, 178),
(162, 2, 60, 37, 223),
(163, 2, 64, 201, 840),
(164, 2, 64, 41, 840),
(165, 2, 64, 41, 804),
(166, 2, 64, 41, 412),
(167, 2, 64, 41, 696),
(168, 2, 64, 41, 116),
(169, 2, 64, 41, 425),
(170, 2, 64, 41, 614),
(171, 2, 64, 92, 840),
(172, 2, 64, 92, 382),
(173, 2, 64, 92, 441),
(174, 2, 64, 92, 699),
(175, 2, 71, 201, 840),
(176, 2, 71, 201, 782),
(177, 2, 71, 201, 487),
(178, 2, 71, 201, 221),
(179, 2, 71, 201, 36),
(180, 2, 71, 201, 38),
(181, 3, 2, 201, 840),
(182, 3, 2, 2, 840),
(183, 3, 2, 2, 299),
(184, 3, 2, 2, 560),
(185, 3, 2, 2, 573),
(186, 3, 2, 2, 254),
(187, 3, 2, 2, 376),
(188, 3, 2, 2, 589),
(189, 3, 2, 2, 378),
(190, 3, 2, 2, 301),
(191, 3, 2, 2, 254),
(192, 3, 2, 44, 840),
(193, 3, 2, 44, 299),
(194, 3, 2, 44, 573),
(195, 3, 2, 44, 254),
(196, 3, 2, 44, 376),
(197, 3, 2, 44, 710),
(198, 3, 2, 44, 46),
(199, 3, 2, 44, 378),
(200, 3, 2, 44, 301),
(201, 3, 2, 44, 254),
(202, 3, 2, 75, 840),
(203, 3, 2, 75, 834),
(204, 3, 2, 75, 87),
(205, 3, 2, 75, 254),
(206, 3, 2, 75, 376),
(207, 3, 2, 75, 589),
(208, 3, 2, 75, 378),
(209, 3, 2, 75, 301),
(210, 3, 2, 75, 254),
(211, 3, 2, 93, 840),
(212, 3, 2, 93, 782),
(213, 3, 2, 93, 88),
(214, 3, 2, 93, 573),
(215, 3, 2, 93, 833),
(216, 3, 2, 93, 254),
(217, 3, 2, 93, 686),
(218, 3, 2, 93, 91),
(219, 3, 2, 93, 240),
(220, 3, 2, 93, 780),
(221, 3, 3, 201, 840),
(222, 3, 3, 3, 840),
(223, 3, 3, 3, 299),
(224, 3, 3, 3, 576),
(225, 3, 3, 3, 88),
(226, 3, 3, 3, 833),
(227, 3, 3, 3, 254),
(228, 3, 3, 3, 686),
(229, 3, 3, 3, 92),
(230, 3, 3, 3, 376),
(231, 3, 3, 3, 663),
(232, 3, 3, 3, 377),
(233, 3, 3, 45, 840),
(234, 3, 3, 45, 299),
(235, 3, 3, 45, 576),
(236, 3, 3, 45, 255),
(237, 3, 3, 45, 686),
(238, 3, 3, 45, 93),
(239, 3, 3, 45, 376),
(240, 3, 3, 45, 663),
(241, 3, 3, 45, 377),
(242, 3, 3, 76, 840),
(243, 3, 3, 76, 299),
(244, 3, 3, 76, 576),
(245, 3, 3, 76, 255),
(246, 3, 3, 76, 686),
(247, 3, 3, 76, 93),
(248, 3, 3, 76, 376),
(249, 3, 3, 76, 663),
(250, 3, 3, 76, 377),
(251, 3, 3, 94, 840),
(252, 3, 3, 94, 299),
(253, 3, 3, 94, 576),
(254, 3, 3, 94, 255),
(255, 3, 3, 94, 686),
(256, 3, 3, 94, 93),
(257, 3, 3, 94, 376),
(258, 3, 3, 94, 663),
(259, 3, 3, 94, 377),
(260, 3, 3, 106, 840),
(261, 3, 3, 106, 299),
(262, 3, 3, 106, 576),
(263, 3, 3, 106, 255),
(264, 3, 3, 106, 686),
(265, 3, 3, 106, 93),
(266, 3, 3, 106, 376),
(267, 3, 3, 106, 663),
(268, 3, 3, 106, 377),
(269, 3, 4, 201, 840),
(270, 3, 4, 201, 299),
(271, 3, 4, 201, 576),
(272, 3, 4, 201, 255),
(273, 3, 4, 201, 686),
(274, 3, 4, 201, 93),
(275, 3, 4, 201, 376),
(276, 3, 4, 201, 663),
(277, 3, 4, 201, 377),
(278, 3, 5, 201, 840),
(279, 3, 5, 133, 840),
(280, 3, 5, 133, 266),
(281, 3, 5, 133, 782),
(282, 3, 5, 133, 8),
(283, 3, 5, 133, 686),
(284, 3, 16, 201, 840),
(285, 3, 19, 201, 840),
(286, 3, 19, 10, 840),
(287, 3, 19, 10, 782),
(288, 3, 19, 10, 552),
(289, 3, 19, 10, 274),
(290, 3, 19, 10, 665),
(291, 3, 19, 10, 527),
(292, 3, 36, 201, 840),
(293, 3, 36, 153, 840),
(294, 3, 36, 153, 227),
(295, 3, 36, 153, 733),
(296, 3, 36, 153, 380),
(297, 3, 36, 153, 551),
(298, 3, 50, 201, 840),
(299, 3, 50, 201, 618),
(300, 3, 50, 201, 230),
(301, 3, 50, 201, 500),
(302, 3, 63, 201, 840),
(303, 3, 63, 40, 840),
(304, 3, 63, 40, 228),
(305, 3, 63, 40, 77),
(306, 3, 63, 40, 686),
(307, 3, 63, 72, 840),
(308, 3, 63, 72, 228),
(309, 3, 63, 72, 77),
(310, 3, 63, 72, 686),
(311, 4, 36, 201, 840),
(312, 4, 36, 110, 840),
(313, 4, 36, 110, 811),
(314, 4, 36, 110, 452),
(315, 4, 36, 110, 404),
(316, 4, 36, 110, 468),
(317, 4, 36, 123, 840),
(318, 4, 36, 123, 227),
(319, 4, 36, 123, 468),
(320, 4, 36, 153, 840),
(321, 4, 36, 153, 622),
(322, 4, 36, 153, 466),
(323, 4, 50, 201, 840),
(324, 4, 50, 201, 618),
(325, 4, 50, 201, 230),
(326, 4, 50, 201, 500),
(327, 4, 56, 201, 840),
(328, 4, 56, 32, 840),
(329, 4, 56, 32, 308),
(330, 4, 56, 32, 686),
(331, 4, 56, 32, 376),
(332, 4, 56, 32, 119),
(333, 4, 56, 32, 577),
(334, 4, 56, 69, 840),
(335, 4, 56, 69, 111),
(336, 4, 56, 69, 110),
(337, 4, 56, 69, 686),
(338, 5, 5, 201, 840),
(339, 5, 5, 95, 840),
(340, 5, 5, 95, 266),
(341, 5, 5, 95, 8),
(342, 5, 13, 201, 840),
(343, 5, 36, 201, 840),
(344, 5, 36, 110, 840),
(345, 5, 36, 110, 811),
(346, 5, 36, 110, 452),
(347, 5, 36, 110, 404),
(348, 5, 36, 110, 468),
(349, 5, 36, 117, 840),
(350, 5, 36, 117, 482),
(351, 5, 36, 117, 630),
(352, 5, 36, 123, 840),
(353, 5, 36, 123, 499),
(354, 5, 36, 123, 491),
(355, 5, 36, 123, 470),
(356, 5, 36, 149, 840),
(357, 5, 36, 149, 227),
(358, 5, 36, 149, 468),
(359, 5, 36, 153, 840),
(360, 5, 36, 153, 622),
(361, 5, 36, 153, 466),
(362, 5, 36, 161, 840),
(363, 5, 36, 161, 450),
(364, 5, 36, 161, 404),
(365, 5, 36, 161, 468),
(366, 5, 36, 165, 840),
(367, 5, 36, 165, 450),
(368, 5, 36, 165, 404),
(369, 5, 36, 165, 468),
(370, 5, 36, 168, 840),
(371, 5, 36, 168, 450),
(372, 5, 36, 168, 404),
(373, 5, 36, 168, 468),
(374, 5, 50, 201, 840),
(375, 5, 50, 201, 618),
(376, 5, 50, 201, 230),
(377, 5, 50, 201, 500),
(378, 5, 51, 201, 840),
(379, 5, 51, 88, 840),
(380, 5, 51, 88, 619),
(381, 5, 51, 88, 279),
(382, 6, 12, 201, 840),
(383, 6, 12, 148, 840),
(384, 6, 20, 201, 840),
(385, 6, 20, 201, 259),
(386, 6, 20, 201, 193),
(387, 6, 20, 201, 304),
(388, 6, 20, 201, 788),
(389, 6, 20, 201, 169),
(390, 6, 20, 201, 351),
(391, 6, 20, 201, 681),
(392, 6, 20, 201, 120),
(393, 6, 20, 201, 585),
(394, 6, 20, 201, 770),
(395, 6, 20, 201, 650),
(396, 6, 20, 201, 104),
(397, 6, 20, 201, 588),
(398, 6, 20, 201, 85),
(399, 6, 20, 201, 14),
(400, 6, 20, 201, 469),
(401, 6, 20, 201, 582),
(402, 6, 20, 201, 770),
(403, 6, 20, 201, 12),
(404, 6, 20, 201, 744),
(405, 6, 20, 201, 708),
(406, 6, 20, 201, 767),
(407, 6, 20, 201, 257),
(408, 6, 20, 201, 591),
(409, 6, 20, 201, 722),
(410, 6, 20, 201, 447),
(411, 6, 20, 201, 9),
(412, 6, 20, 201, 26),
(413, 6, 20, 201, 23),
(414, 6, 20, 201, 459),
(415, 6, 20, 201, 492),
(416, 6, 20, 201, 485),
(417, 6, 20, 201, 216),
(418, 6, 20, 201, 18),
(419, 6, 20, 201, 260),
(420, 6, 20, 201, 193),
(421, 6, 20, 201, 788),
(422, 6, 20, 201, 169),
(423, 6, 20, 201, 354),
(424, 6, 20, 201, 681),
(425, 6, 20, 201, 120),
(426, 6, 20, 201, 584),
(427, 6, 20, 201, 770),
(428, 6, 20, 201, 650),
(429, 6, 20, 201, 745),
(430, 6, 20, 201, 104),
(431, 6, 20, 201, 85),
(432, 6, 20, 201, 15),
(433, 6, 20, 201, 583),
(434, 6, 20, 201, 769),
(435, 6, 20, 201, 12),
(436, 6, 20, 201, 744),
(437, 6, 20, 201, 736),
(438, 6, 20, 201, 257),
(439, 6, 20, 201, 591),
(440, 6, 20, 201, 722),
(441, 6, 20, 201, 587),
(442, 6, 20, 201, 447),
(443, 6, 20, 201, 9),
(444, 6, 20, 201, 26),
(445, 6, 20, 201, 23),
(446, 6, 20, 201, 459),
(447, 6, 20, 201, 472),
(448, 6, 20, 201, 486),
(449, 6, 20, 201, 216),
(450, 6, 20, 201, 19),
(451, 6, 20, 201, 261),
(452, 6, 20, 201, 193),
(453, 6, 20, 201, 626),
(454, 6, 20, 201, 788),
(455, 6, 20, 201, 169),
(456, 6, 20, 201, 353),
(457, 6, 20, 201, 514),
(458, 6, 20, 201, 97),
(459, 6, 20, 201, 596),
(460, 6, 20, 201, 10),
(461, 6, 20, 201, 355),
(462, 6, 20, 201, 586),
(463, 6, 20, 201, 766),
(464, 6, 20, 201, 6),
(465, 6, 20, 201, 257),
(466, 6, 20, 201, 748),
(467, 6, 20, 201, 709),
(468, 6, 20, 201, 768),
(469, 6, 20, 201, 722),
(470, 6, 20, 201, 447),
(471, 6, 20, 201, 9),
(472, 6, 20, 201, 26),
(473, 6, 20, 201, 23),
(474, 6, 20, 201, 459),
(475, 6, 20, 201, 472),
(476, 6, 20, 201, 486),
(477, 6, 20, 201, 216),
(478, 6, 20, 201, 19),
(479, 6, 20, 201, 263),
(480, 6, 20, 201, 193),
(481, 6, 20, 201, 148),
(482, 6, 20, 201, 350),
(483, 6, 20, 201, 787),
(484, 6, 20, 201, 169),
(485, 6, 20, 201, 595),
(486, 6, 20, 201, 241),
(487, 6, 20, 201, 135),
(488, 6, 20, 201, 280),
(489, 6, 20, 201, 462),
(490, 6, 20, 201, 402),
(491, 6, 20, 201, 399),
(492, 6, 20, 201, 429),
(493, 6, 20, 201, 421),
(494, 6, 20, 201, 424),
(495, 6, 20, 201, 174),
(496, 6, 20, 201, 316),
(497, 6, 20, 201, 520),
(498, 6, 20, 201, 775),
(499, 6, 20, 201, 162),
(500, 6, 20, 201, 164),
(501, 6, 20, 201, 186),
(502, 6, 20, 201, 823),
(503, 6, 20, 201, 824),
(504, 6, 20, 201, 248),
(505, 6, 20, 201, 146),
(506, 6, 20, 201, 167),
(507, 6, 20, 201, 359),
(508, 6, 20, 201, 175),
(509, 6, 20, 201, 257),
(510, 6, 20, 201, 591),
(511, 6, 20, 201, 722),
(512, 6, 20, 201, 447),
(513, 6, 20, 201, 11),
(514, 6, 20, 201, 257),
(515, 6, 20, 201, 591),
(516, 6, 20, 201, 722),
(517, 6, 20, 201, 447),
(518, 6, 20, 201, 11),
(519, 6, 20, 201, 26),
(520, 6, 20, 201, 23),
(521, 6, 20, 201, 459),
(522, 6, 20, 201, 472),
(523, 6, 20, 201, 486),
(524, 6, 20, 201, 216),
(525, 6, 20, 201, 19),
(526, 6, 20, 201, 262),
(527, 6, 20, 201, 193),
(528, 6, 20, 201, 305),
(529, 6, 20, 201, 788),
(530, 6, 20, 201, 169),
(531, 6, 20, 201, 351),
(532, 6, 20, 201, 681),
(533, 6, 20, 201, 120),
(534, 6, 20, 201, 584),
(535, 6, 20, 201, 770),
(536, 6, 20, 201, 650),
(537, 6, 20, 201, 745),
(538, 6, 20, 201, 104),
(539, 6, 20, 201, 587),
(540, 6, 20, 201, 85),
(541, 6, 20, 201, 14),
(542, 6, 20, 201, 583),
(543, 6, 20, 201, 769),
(544, 6, 20, 201, 690),
(545, 6, 20, 201, 13),
(546, 6, 20, 201, 744),
(547, 6, 20, 201, 736),
(548, 6, 20, 201, 257),
(549, 6, 20, 201, 591),
(550, 6, 20, 201, 722),
(551, 6, 20, 201, 447),
(552, 6, 20, 201, 9),
(553, 6, 20, 201, 26),
(554, 6, 20, 201, 23),
(555, 6, 20, 201, 459),
(556, 6, 20, 201, 472),
(557, 6, 20, 201, 486),
(558, 6, 20, 201, 216),
(559, 6, 20, 201, 19),
(560, 6, 23, 201, 840),
(561, 6, 23, 12, 840),
(562, 6, 23, 12, 192),
(563, 6, 23, 12, 350),
(564, 6, 23, 12, 787),
(565, 6, 23, 12, 169),
(566, 6, 23, 12, 63),
(567, 6, 23, 12, 593),
(568, 6, 23, 12, 514),
(569, 6, 23, 12, 241),
(570, 6, 23, 12, 135),
(571, 6, 23, 12, 462),
(572, 6, 23, 12, 401),
(573, 6, 23, 12, 400),
(574, 6, 23, 12, 429),
(575, 6, 23, 12, 520),
(576, 6, 23, 12, 775),
(577, 6, 23, 12, 435),
(578, 6, 23, 12, 162),
(579, 6, 23, 12, 164),
(580, 6, 23, 12, 186),
(581, 6, 23, 12, 824),
(582, 6, 23, 12, 251),
(583, 6, 23, 12, 180),
(584, 6, 23, 12, 676),
(585, 6, 23, 12, 173),
(586, 6, 23, 12, 518),
(587, 6, 23, 12, 118),
(588, 6, 23, 12, 121),
(589, 6, 23, 12, 147),
(590, 6, 23, 12, 141),
(591, 6, 23, 12, 166),
(592, 6, 23, 12, 359),
(593, 6, 23, 12, 176),
(594, 6, 23, 12, 722),
(595, 6, 23, 12, 447),
(596, 6, 23, 12, 9),
(597, 6, 23, 12, 26),
(598, 6, 23, 12, 25),
(599, 6, 36, 201, 840),
(600, 6, 36, 123, 840),
(601, 6, 36, 123, 499),
(602, 6, 36, 123, 491),
(603, 6, 36, 123, 470),
(604, 6, 36, 153, 840),
(605, 6, 36, 153, 466),
(606, 6, 36, 153, 3),
(607, 6, 36, 153, 669),
(608, 6, 36, 153, 555),
(609, 6, 36, 153, 337),
(610, 6, 36, 153, 2),
(611, 6, 36, 153, 4),
(612, 6, 36, 171, 840),
(613, 6, 36, 171, 224),
(614, 6, 71, 201, 840),
(615, 7, 2, 201, 840),
(616, 7, 2, 75, 840),
(617, 7, 2, 75, 834),
(618, 7, 2, 75, 87),
(619, 7, 2, 75, 254),
(620, 7, 2, 75, 376),
(621, 7, 2, 75, 589),
(622, 7, 2, 75, 378),
(623, 7, 2, 75, 301),
(624, 7, 2, 75, 254),
(625, 7, 33, 201, 840),
(626, 7, 33, 201, 342),
(627, 7, 36, 201, 840),
(628, 7, 36, 110, 840),
(629, 7, 36, 110, 811),
(630, 7, 36, 110, 452),
(631, 7, 36, 110, 404),
(632, 7, 36, 110, 468),
(633, 7, 36, 110, 638),
(634, 7, 36, 123, 840),
(635, 7, 36, 123, 499),
(636, 7, 36, 123, 491),
(637, 7, 36, 123, 470),
(638, 7, 36, 153, 840),
(639, 7, 36, 153, 466),
(640, 7, 36, 153, 3),
(641, 7, 36, 153, 669),
(642, 7, 36, 153, 555),
(643, 7, 36, 153, 337),
(644, 7, 36, 153, 2),
(645, 7, 36, 153, 4),
(646, 7, 50, 201, 840),
(647, 7, 50, 201, 617),
(648, 7, 50, 201, 230),
(649, 7, 50, 201, 500),
(650, 7, 51, 201, 840),
(651, 7, 51, 30, 840),
(652, 7, 51, 30, 619),
(653, 7, 51, 33, 840),
(654, 7, 51, 33, 671),
(655, 7, 51, 33, 670),
(656, 7, 51, 33, 223),
(657, 7, 51, 33, 489),
(658, 7, 51, 90, 840),
(659, 7, 51, 90, 670),
(660, 7, 51, 90, 223),
(661, 7, 51, 90, 489),
(662, 8, 51, 90, 215),
(663, 8, 51, 8, 840),
(664, 8, 51, 8, 820),
(665, 8, 51, 8, 819),
(666, 8, 51, 79, 840),
(667, 8, 51, 79, 290),
(668, 8, 51, 79, 291),
(669, 8, 51, 79, 772),
(670, 8, 51, 79, 467),
(671, 8, 51, 79, 704),
(672, 8, 17, 201, 840),
(673, 8, 17, 9, 840),
(674, 8, 17, 9, 239),
(675, 8, 17, 9, 521),
(676, 8, 17, 9, 372),
(677, 8, 40, 201, 840),
(678, 8, 40, 112, 840),
(679, 8, 40, 112, 811),
(680, 8, 40, 112, 452),
(681, 8, 40, 112, 404),
(682, 8, 40, 112, 468),
(683, 8, 40, 112, 638),
(684, 8, 40, 125, 840),
(685, 8, 40, 125, 499),
(686, 8, 40, 125, 491),
(687, 8, 40, 125, 470),
(688, 8, 40, 153, 840),
(689, 8, 40, 153, 465),
(690, 8, 40, 153, 3),
(691, 8, 40, 153, 669),
(692, 8, 40, 153, 555),
(693, 8, 40, 153, 336),
(694, 8, 40, 153, 106),
(695, 8, 40, 153, 2),
(696, 8, 40, 153, 4),
(697, 8, 45, 201, 840),
(698, 8, 45, 27, 840),
(699, 8, 45, 63, 840),
(700, 8, 58, 201, 840),
(701, 8, 58, 35, 840),
(702, 8, 58, 35, 815),
(703, 8, 58, 35, 406),
(704, 8, 58, 35, 592),
(705, 8, 58, 35, 83),
(706, 8, 58, 35, 563),
(707, 8, 58, 67, 840),
(708, 8, 58, 67, 813),
(709, 8, 58, 67, 333),
(710, 8, 58, 67, 170),
(711, 8, 58, 67, 188),
(712, 8, 58, 67, 519),
(713, 8, 58, 67, 203),
(714, 8, 58, 67, 475),
(715, 9, 32, 201, 840),
(716, 9, 32, 18, 840),
(717, 9, 32, 18, 789),
(718, 9, 32, 18, 127),
(719, 9, 32, 18, 774),
(720, 9, 32, 18, 775),
(721, 9, 32, 18, 430),
(722, 9, 32, 18, 293),
(723, 9, 32, 18, 234),
(724, 9, 32, 18, 233),
(725, 9, 32, 18, 129),
(726, 9, 35, 201, 840),
(727, 9, 35, 19, 840),
(728, 9, 35, 19, 390),
(729, 9, 35, 19, 698),
(730, 9, 35, 19, 611),
(731, 9, 35, 54, 840),
(732, 9, 35, 54, 531),
(733, 9, 35, 54, 698),
(734, 9, 35, 54, 611),
(735, 9, 35, 82, 840),
(736, 9, 35, 82, 531),
(737, 9, 35, 82, 698),
(738, 9, 35, 82, 611),
(739, 9, 35, 99, 840),
(740, 9, 35, 99, 531),
(741, 9, 35, 99, 698),
(742, 9, 35, 99, 611),
(743, 9, 36, 201, 840),
(744, 9, 36, 110, 840),
(745, 9, 36, 110, 811),
(746, 9, 36, 110, 452),
(747, 9, 36, 110, 404),
(748, 9, 36, 110, 468),
(749, 9, 36, 110, 638),
(750, 9, 36, 123, 840),
(751, 9, 36, 123, 499),
(752, 9, 36, 123, 491),
(753, 9, 36, 123, 470),
(754, 9, 36, 153, 840),
(755, 9, 36, 153, 466),
(756, 9, 36, 153, 3),
(757, 9, 36, 153, 669),
(758, 9, 36, 153, 555),
(759, 9, 36, 153, 336),
(760, 9, 36, 153, 106),
(761, 9, 36, 153, 2),
(762, 9, 36, 153, 4),
(763, 9, 50, 201, 840),
(764, 9, 50, 201, 617),
(765, 9, 50, 201, 230),
(766, 9, 50, 201, 500),
(767, 10, 28, 201, 840),
(768, 10, 28, 15, 840),
(769, 10, 28, 15, 373),
(770, 10, 28, 15, 722),
(771, 10, 28, 15, 257),
(772, 10, 28, 15, 23),
(773, 10, 32, 201, 840),
(774, 10, 32, 109, 840),
(775, 10, 32, 109, 828),
(776, 10, 32, 109, 659),
(777, 10, 32, 109, 781),
(778, 10, 32, 109, 773),
(779, 10, 32, 109, 459),
(780, 10, 32, 109, 508),
(781, 10, 36, 201, 840),
(782, 10, 36, 110, 840),
(783, 10, 36, 110, 811),
(784, 10, 36, 110, 452),
(785, 10, 36, 110, 404),
(786, 10, 36, 110, 468),
(787, 10, 36, 110, 638),
(788, 10, 36, 123, 840),
(789, 10, 36, 123, 499),
(790, 10, 36, 123, 491),
(791, 10, 36, 123, 470),
(792, 10, 36, 153, 840),
(793, 10, 36, 153, 466),
(794, 10, 36, 153, 3),
(795, 10, 36, 153, 669),
(796, 10, 36, 153, 555),
(797, 10, 36, 153, 336),
(798, 10, 36, 153, 106),
(799, 10, 36, 153, 2),
(800, 10, 36, 153, 4),
(801, 10, 41, 201, 840),
(802, 10, 41, 23, 840),
(803, 10, 41, 23, 217),
(804, 10, 41, 23, 513),
(805, 10, 41, 23, 611),
(806, 10, 50, 201, 840),
(807, 10, 50, 201, 617),
(808, 10, 50, 201, 230),
(809, 10, 50, 201, 500),
(810, 10, 51, 201, 840),
(811, 10, 51, 30, 840),
(812, 10, 51, 30, 619),
(813, 10, 54, 201, 840),
(814, 10, 54, 201, 659),
(815, 11, 12, 201, 840),
(816, 11, 12, 157, 840),
(817, 11, 12, 157, 149),
(818, 11, 14, 201, 840),
(819, 11, 14, 201, 532),
(820, 11, 14, 201, 183),
(821, 11, 14, 201, 158),
(822, 11, 14, 201, 756),
(823, 11, 14, 201, 598),
(824, 11, 15, 201, 840),
(825, 11, 15, 49, 840),
(826, 11, 15, 49, 309),
(827, 11, 15, 49, 459),
(828, 11, 15, 49, 722),
(829, 11, 15, 49, 199),
(830, 11, 15, 49, 374),
(831, 11, 15, 49, 471),
(832, 11, 15, 49, 191),
(833, 11, 15, 49, 606),
(834, 11, 15, 49, 271),
(835, 11, 15, 49, 602),
(836, 11, 17, 201, 840),
(837, 11, 17, 9, 840),
(838, 11, 17, 9, 239),
(839, 11, 17, 9, 521),
(840, 11, 17, 9, 372),
(841, 11, 23, 201, 840),
(842, 11, 23, 51, 840),
(843, 11, 23, 51, 265),
(844, 11, 23, 51, 226),
(845, 11, 23, 51, 153),
(846, 11, 23, 51, 218),
(847, 11, 23, 51, 245),
(848, 11, 24, 201, 840),
(849, 11, 24, 201, 278),
(850, 11, 24, 201, 398),
(851, 11, 24, 201, 427),
(852, 11, 24, 201, 680),
(853, 11, 24, 201, 128),
(854, 11, 24, 201, 286),
(855, 11, 24, 201, 438),
(856, 11, 24, 201, 276),
(857, 11, 24, 201, 705),
(858, 11, 24, 201, 161),
(859, 11, 24, 201, 267),
(860, 11, 36, 201, 840),
(861, 11, 36, 110, 840),
(862, 11, 36, 110, 811),
(863, 11, 36, 110, 452),
(864, 11, 36, 110, 404),
(865, 11, 36, 110, 661),
(866, 11, 36, 110, 468),
(867, 11, 36, 110, 638),
(868, 11, 36, 123, 840),
(869, 11, 36, 123, 499),
(870, 11, 36, 123, 491),
(871, 11, 36, 123, 470),
(872, 11, 36, 153, 840),
(873, 11, 36, 153, 466),
(874, 11, 36, 153, 3),
(875, 11, 36, 153, 669),
(876, 11, 36, 153, 555),
(877, 11, 36, 153, 336),
(878, 11, 36, 153, 106),
(879, 11, 36, 153, 2),
(880, 11, 36, 153, 4),
(881, 11, 30, 201, 840),
(882, 11, 30, 16, 840),
(883, 11, 30, 16, 786),
(884, 11, 30, 16, 371),
(885, 11, 30, 16, 529),
(886, 11, 30, 16, 169),
(887, 11, 30, 16, 722),
(888, 11, 30, 16, 600),
(889, 11, 30, 16, 816),
(890, 11, 30, 16, 214),
(891, 11, 30, 16, 605),
(892, 11, 30, 16, 603),
(893, 11, 30, 16, 95),
(894, 11, 30, 16, 632),
(895, 11, 50, 201, 840),
(896, 11, 50, 201, 617),
(897, 11, 50, 201, 230),
(898, 11, 50, 201, 500),
(899, 11, 51, 201, 840),
(900, 11, 51, 150, 840),
(901, 11, 51, 150, 619),
(902, 11, 57, 201, 840),
(903, 11, 57, 33, 840),
(904, 11, 57, 33, 670),
(905, 11, 57, 33, 223),
(906, 11, 57, 33, 489),
(907, 11, 57, 90, 840),
(908, 11, 57, 90, 670),
(909, 11, 57, 90, 223),
(910, 11, 57, 90, 489),
(911, 11, 70, 201, 840),
(912, 11, 70, 43, 840),
(913, 11, 70, 43, 782),
(914, 11, 70, 43, 213),
(915, 11, 70, 43, 572),
(916, 11, 70, 43, 571),
(917, 12, 2, 201, 840),
(918, 12, 2, 93, 840),
(919, 12, 2, 93, 1),
(920, 12, 2, 201, 840),
(921, 12, 2, 75, 840),
(922, 12, 2, 75, 834),
(923, 12, 2, 75, 87),
(924, 12, 2, 75, 254),
(925, 12, 2, 75, 376),
(926, 12, 2, 75, 589),
(927, 12, 2, 75, 378),
(928, 12, 2, 75, 301),
(929, 12, 2, 75, 254),
(930, 12, 5, 201, 840),
(931, 12, 5, 159, 840),
(932, 12, 5, 159, 8),
(933, 12, 5, 159, 266),
(934, 12, 5, 159, 639),
(935, 12, 5, 167, 840),
(936, 12, 5, 167, 8),
(937, 12, 5, 167, 266),
(938, 12, 5, 167, 640),
(939, 12, 5, 156, 840),
(940, 12, 5, 156, 8),
(941, 12, 5, 156, 266),
(942, 12, 5, 156, 640),
(943, 12, 5, 176, 840),
(944, 12, 5, 176, 8),
(945, 12, 5, 176, 266),
(946, 12, 5, 176, 640),
(947, 12, 5, 184, 840),
(948, 12, 5, 184, 8),
(949, 12, 5, 184, 266),
(950, 12, 5, 184, 640),
(951, 12, 5, 198, 840),
(952, 12, 5, 198, 8),
(953, 12, 5, 198, 266),
(954, 12, 5, 198, 640),
(955, 12, 5, 199, 840),
(956, 12, 5, 199, 8),
(957, 12, 5, 199, 266),
(958, 12, 5, 199, 640),
(959, 12, 12, 201, 840),
(960, 12, 12, 129, 840),
(961, 12, 12, 129, 782),
(962, 12, 12, 129, 145),
(963, 12, 12, 129, 431),
(964, 12, 12, 129, 694),
(965, 12, 36, 201, 840),
(966, 12, 36, 110, 840),
(967, 12, 36, 110, 811),
(968, 12, 36, 110, 452),
(969, 12, 36, 110, 404),
(970, 12, 36, 110, 468),
(971, 12, 36, 110, 638),
(972, 12, 36, 123, 840),
(973, 12, 36, 123, 499),
(974, 12, 36, 123, 491),
(975, 12, 36, 123, 470),
(976, 12, 36, 153, 840),
(977, 12, 36, 153, 466),
(978, 12, 36, 153, 3),
(979, 12, 36, 153, 669),
(980, 12, 36, 153, 555),
(981, 12, 36, 153, 336),
(982, 12, 36, 153, 2),
(983, 12, 36, 153, 4),
(984, 12, 49, 201, 840),
(985, 12, 49, 29, 840),
(986, 12, 49, 29, 782),
(987, 12, 49, 29, 608),
(988, 12, 49, 29, 658),
(989, 12, 49, 29, 775),
(990, 12, 49, 29, 702),
(991, 12, 49, 29, 190),
(992, 12, 49, 29, 713),
(993, 12, 49, 29, 803),
(994, 12, 49, 87, 840),
(995, 12, 49, 87, 791),
(996, 12, 49, 87, 694),
(997, 12, 49, 87, 764),
(998, 12, 50, 201, 840),
(999, 12, 50, 201, 617),
(1000, 12, 50, 201, 230),
(1001, 12, 50, 201, 500),
(1002, 12, 59, 201, 840),
(1003, 12, 59, 67, 840),
(1004, 12, 59, 67, 782),
(1005, 12, 59, 67, 219),
(1006, 12, 59, 67, 275),
(1007, 12, 59, 67, 182),
(1008, 12, 59, 67, 706),
(1009, 12, 59, 67, 321),
(1010, 12, 59, 67, 149),
(1011, 13, 26, 201, 840),
(1012, 13, 26, 14, 840),
(1013, 13, 26, 14, 300),
(1014, 13, 26, 14, 484),
(1015, 13, 26, 14, 209),
(1016, 13, 26, 14, 239),
(1017, 13, 26, 52, 840),
(1018, 13, 26, 52, 300),
(1019, 13, 26, 52, 484),
(1020, 13, 26, 52, 559),
(1021, 13, 26, 52, 575),
(1022, 13, 26, 52, 597),
(1023, 13, 26, 52, 109),
(1024, 13, 26, 52, 473),
(1025, 13, 26, 52, 483),
(1026, 13, 26, 52, 478),
(1027, 13, 26, 52, 123),
(1028, 13, 26, 52, 238),
(1029, 13, 26, 52, 232),
(1030, 13, 37, 201, 840),
(1031, 13, 37, 56, 840),
(1032, 13, 37, 56, 388),
(1033, 13, 37, 56, 714),
(1034, 13, 37, 56, 836),
(1035, 13, 37, 56, 277),
(1036, 13, 37, 56, 132),
(1037, 13, 37, 56, 201),
(1038, 13, 37, 56, 428),
(1039, 13, 37, 56, 433),
(1040, 13, 37, 56, 826),
(1041, 13, 36, 201, 840),
(1042, 13, 36, 110, 840),
(1043, 13, 36, 110, 811),
(1044, 13, 36, 110, 452),
(1045, 13, 36, 110, 404),
(1046, 13, 36, 110, 468),
(1047, 13, 36, 110, 638),
(1048, 13, 36, 123, 840),
(1049, 13, 36, 123, 499),
(1050, 13, 36, 123, 491),
(1051, 13, 36, 123, 470),
(1052, 13, 36, 153, 840),
(1053, 13, 36, 153, 466),
(1054, 13, 36, 153, 3),
(1055, 13, 36, 153, 669),
(1056, 13, 36, 153, 555),
(1057, 13, 36, 153, 336),
(1058, 13, 36, 153, 2),
(1059, 13, 36, 153, 4),
(1060, 13, 36, 130, 840),
(1061, 13, 36, 130, 468),
(1062, 13, 36, 130, 338),
(1063, 13, 36, 144, 840),
(1064, 13, 36, 144, 468),
(1065, 13, 36, 144, 719),
(1066, 13, 36, 144, 725),
(1067, 13, 56, 201, 840),
(1068, 13, 56, 201, 771),
(1069, 13, 56, 201, 386),
(1070, 13, 56, 201, 326),
(1071, 13, 56, 201, 323),
(1072, 13, 56, 201, 601),
(1073, 14, 2, 201, 840),
(1074, 14, 2, 75, 840),
(1075, 14, 2, 75, 834),
(1076, 14, 2, 75, 87),
(1077, 14, 2, 75, 254),
(1078, 14, 2, 75, 376),
(1079, 14, 2, 75, 589),
(1080, 14, 2, 75, 378),
(1081, 14, 2, 75, 301),
(1082, 14, 2, 75, 254),
(1083, 14, 5, 201, 840),
(1084, 14, 5, 178, 840),
(1085, 14, 5, 178, 40),
(1086, 14, 5, 185, 840),
(1087, 14, 5, 185, 41),
(1088, 14, 5, 185, 34),
(1089, 14, 5, 186, 840),
(1090, 14, 5, 186, 48),
(1091, 14, 5, 186, 54),
(1092, 14, 5, 186, 49),
(1093, 14, 5, 186, 42),
(1094, 14, 8, 201, 840),
(1095, 14, 8, 5, 840),
(1096, 14, 8, 5, 782),
(1097, 14, 8, 5, 108),
(1098, 14, 8, 5, 594),
(1099, 14, 22, 201, 840),
(1100, 14, 22, 50, 840),
(1101, 14, 22, 50, 691),
(1102, 14, 22, 50, 112),
(1103, 14, 22, 50, 250),
(1104, 14, 22, 50, 484),
(1105, 14, 22, 50, 573),
(1106, 14, 22, 50, 738),
(1107, 14, 22, 80, 840),
(1108, 14, 22, 80, 691),
(1109, 14, 22, 80, 112),
(1110, 14, 22, 80, 250),
(1111, 14, 22, 80, 573),
(1112, 14, 22, 80, 302),
(1113, 14, 22, 80, 839),
(1114, 14, 22, 80, 738),
(1115, 14, 22, 97, 840),
(1116, 14, 22, 97, 691),
(1117, 14, 22, 97, 112),
(1118, 14, 22, 97, 250),
(1119, 14, 22, 97, 294),
(1120, 14, 22, 97, 738),
(1121, 14, 36, 201, 840),
(1122, 14, 36, 110, 840),
(1123, 14, 36, 110, 811),
(1124, 14, 36, 110, 452),
(1125, 14, 36, 110, 404),
(1126, 14, 36, 110, 468),
(1127, 14, 36, 110, 638),
(1128, 14, 36, 123, 840),
(1129, 14, 36, 123, 499),
(1130, 14, 36, 123, 491),
(1131, 14, 36, 123, 470),
(1132, 14, 36, 153, 840),
(1133, 14, 36, 153, 466),
(1134, 14, 36, 153, 3),
(1135, 14, 36, 153, 669),
(1136, 14, 36, 153, 555),
(1137, 14, 36, 153, 336),
(1138, 14, 36, 153, 2),
(1139, 14, 36, 153, 4),
(1140, 14, 50, 201, 840),
(1141, 14, 50, 201, 616),
(1142, 14, 50, 201, 230),
(1143, 14, 50, 201, 500),
(1144, 14, 56, 201, 840),
(1145, 14, 56, 89, 840),
(1146, 14, 56, 89, 691),
(1147, 14, 56, 89, 112),
(1148, 14, 56, 89, 573),
(1149, 14, 56, 89, 287),
(1150, 14, 56, 89, 777),
(1151, 14, 56, 89, 738),
(1152, 14, 61, 201, 840),
(1153, 14, 61, 39, 840),
(1154, 14, 61, 39, 306),
(1155, 14, 61, 39, 107),
(1156, 14, 61, 39, 17),
(1157, 14, 61, 39, 729),
(1158, 14, 61, 71, 840),
(1159, 14, 61, 71, 691),
(1160, 14, 61, 71, 688),
(1161, 14, 61, 71, 182),
(1162, 14, 61, 71, 651),
(1163, 14, 61, 71, 685),
(1164, 14, 61, 71, 683),
(1165, 14, 61, 71, 682),
(1166, 14, 61, 71, 755),
(1167, 15, 2, 201, 840),
(1168, 15, 2, 75, 840),
(1169, 15, 2, 75, 834),
(1170, 15, 2, 75, 87),
(1171, 15, 2, 75, 254),
(1172, 15, 2, 75, 376),
(1173, 15, 2, 75, 589),
(1174, 15, 2, 75, 378),
(1175, 15, 2, 75, 301),
(1176, 15, 2, 75, 254),
(1177, 15, 5, 201, 840),
(1178, 15, 5, 4, 840),
(1179, 15, 5, 4, 538),
(1180, 15, 5, 4, 40),
(1181, 15, 5, 77, 840),
(1182, 15, 5, 77, 206),
(1183, 15, 5, 77, 538),
(1184, 15, 5, 77, 40),
(1185, 15, 5, 107, 840),
(1186, 15, 5, 107, 206),
(1187, 15, 5, 107, 538),
(1188, 15, 5, 107, 40),
(1189, 15, 5, 121, 840),
(1190, 15, 5, 121, 8),
(1191, 15, 5, 121, 279),
(1192, 15, 5, 121, 539),
(1193, 15, 5, 128, 840),
(1194, 15, 5, 128, 206),
(1195, 15, 5, 128, 538),
(1196, 15, 5, 128, 40),
(1197, 15, 5, 142, 840),
(1198, 15, 5, 142, 206),
(1199, 15, 5, 142, 538),
(1200, 15, 5, 142, 40),
(1201, 15, 5, 151, 840),
(1202, 15, 5, 151, 206),
(1203, 15, 5, 151, 538),
(1204, 15, 5, 151, 8),
(1205, 15, 5, 151, 747),
(1206, 15, 5, 164, 840),
(1207, 15, 5, 164, 208),
(1208, 15, 5, 164, 538),
(1209, 15, 5, 164, 40),
(1210, 15, 5, 187, 840),
(1211, 15, 5, 187, 40),
(1212, 15, 5, 187, 541),
(1213, 15, 5, 190, 840),
(1214, 15, 5, 190, 206),
(1215, 15, 5, 190, 8),
(1216, 15, 5, 194, 840),
(1217, 15, 5, 194, 40),
(1218, 15, 5, 194, 125),
(1219, 15, 5, 194, 124),
(1220, 15, 12, 201, 840),
(1221, 15, 12, 47, 840),
(1222, 15, 12, 47, 782),
(1223, 15, 12, 47, 244),
(1224, 15, 12, 47, 282),
(1225, 15, 12, 96, 840),
(1226, 15, 12, 96, 782),
(1227, 15, 12, 96, 243),
(1228, 15, 12, 116, 840),
(1229, 15, 12, 116, 782),
(1230, 15, 12, 116, 244),
(1231, 15, 12, 116, 367),
(1232, 15, 12, 116, 149),
(1233, 15, 12, 122, 840),
(1234, 15, 12, 122, 782),
(1235, 15, 12, 122, 244),
(1236, 15, 12, 138, 840),
(1237, 15, 12, 138, 283),
(1238, 15, 12, 138, 244),
(1239, 15, 12, 148, 840),
(1240, 15, 12, 148, 283),
(1241, 15, 12, 148, 244),
(1242, 15, 13, 201, 840),
(1243, 15, 16, 201, 840),
(1244, 15, 18, 201, 840),
(1245, 15, 18, 201, 734),
(1246, 15, 18, 201, 742),
(1247, 15, 21, 201, 840),
(1248, 15, 21, 201, 534),
(1249, 15, 21, 201, 330),
(1250, 15, 21, 201, 318),
(1251, 15, 21, 201, 329),
(1252, 15, 24, 201, 840),
(1253, 15, 24, 13, 840),
(1254, 15, 24, 13, 782),
(1255, 15, 24, 13, 444),
(1256, 15, 24, 13, 20),
(1257, 15, 24, 13, 181),
(1258, 15, 24, 13, 805),
(1259, 15, 24, 13, 184),
(1260, 15, 24, 13, 599),
(1261, 15, 24, 13, 810),
(1262, 15, 24, 13, 392),
(1263, 15, 24, 13, 393),
(1264, 15, 24, 13, 314),
(1265, 15, 24, 13, 723),
(1266, 15, 24, 13, 599),
(1267, 15, 24, 13, 155),
(1268, 15, 24, 13, 502),
(1269, 15, 24, 13, 289),
(1270, 15, 29, 201, 840),
(1271, 15, 29, 201, 503),
(1272, 15, 29, 201, 392),
(1273, 15, 29, 201, 460),
(1274, 15, 29, 201, 427),
(1275, 15, 29, 201, 434),
(1276, 15, 29, 201, 420),
(1277, 15, 29, 201, 426),
(1278, 15, 29, 201, 21),
(1279, 15, 29, 201, 103),
(1280, 15, 29, 201, 392),
(1281, 15, 29, 201, 427),
(1282, 15, 29, 201, 151),
(1283, 15, 29, 201, 422),
(1284, 15, 29, 201, 30),
(1285, 15, 29, 201, 660),
(1286, 15, 29, 201, 102),
(1287, 15, 29, 201, 392),
(1288, 15, 29, 201, 427),
(1289, 15, 29, 201, 422),
(1290, 15, 29, 201, 832),
(1291, 15, 29, 201, 29),
(1292, 15, 29, 201, 99),
(1293, 15, 29, 201, 237),
(1294, 15, 29, 201, 202),
(1295, 15, 29, 201, 718),
(1296, 15, 31, 201, 840),
(1297, 15, 31, 17, 840),
(1298, 15, 31, 53, 840),
(1299, 15, 31, 53, 310),
(1300, 15, 31, 53, 749),
(1301, 15, 31, 53, 86),
(1302, 15, 31, 53, 389),
(1303, 15, 31, 53, 210),
(1304, 15, 34, 201, 840),
(1305, 15, 34, 201, 457),
(1306, 15, 34, 201, 394),
(1307, 15, 34, 201, 81),
(1308, 15, 34, 201, 28),
(1309, 15, 34, 201, 152),
(1310, 15, 34, 201, 369),
(1311, 15, 34, 201, 185),
(1312, 15, 34, 201, 161),
(1313, 15, 34, 201, 288),
(1314, 15, 34, 201, 368),
(1315, 15, 34, 201, 251),
(1316, 15, 34, 201, 356),
(1317, 15, 34, 201, 75),
(1318, 15, 34, 201, 783),
(1319, 15, 34, 201, 142),
(1320, 15, 34, 201, 835),
(1321, 15, 34, 201, 761),
(1322, 15, 34, 201, 800),
(1323, 15, 34, 201, 799),
(1324, 15, 34, 201, 64),
(1325, 15, 34, 201, 801),
(1326, 15, 34, 201, 168),
(1327, 15, 34, 201, 802),
(1328, 15, 34, 201, 784),
(1329, 15, 36, 201, 840),
(1330, 15, 36, 20, 840),
(1331, 15, 36, 20, 489),
(1332, 15, 36, 55, 840),
(1333, 15, 36, 55, 724),
(1334, 15, 36, 83, 840),
(1335, 15, 36, 83, 57),
(1336, 15, 36, 83, 258),
(1337, 15, 36, 83, 506),
(1338, 15, 36, 100, 840),
(1339, 15, 36, 100, 489),
(1340, 15, 36, 100, 366),
(1341, 15, 36, 201, 840),
(1342, 15, 36, 110, 840),
(1343, 15, 36, 110, 811),
(1344, 15, 36, 110, 452),
(1345, 15, 36, 110, 404),
(1346, 15, 36, 110, 468),
(1347, 15, 36, 110, 638),
(1348, 15, 36, 123, 840),
(1349, 15, 36, 123, 499),
(1350, 15, 36, 123, 491),
(1351, 15, 36, 123, 470),
(1352, 15, 36, 153, 840),
(1353, 15, 36, 153, 466),
(1354, 15, 36, 153, 3),
(1355, 15, 36, 153, 669),
(1356, 15, 36, 153, 555),
(1357, 15, 36, 153, 337),
(1358, 15, 36, 153, 2),
(1359, 15, 36, 153, 4),
(1360, 15, 36, 153, 809),
(1361, 15, 41, 201, 840),
(1362, 15, 41, 59, 840),
(1363, 15, 41, 59, 505),
(1364, 15, 43, 201, 840),
(1365, 15, 43, 85, 840),
(1366, 15, 43, 85, 633),
(1367, 15, 43, 85, 200),
(1368, 15, 43, 85, 525),
(1369, 15, 43, 85, 615),
(1370, 15, 43, 85, 189),
(1371, 15, 43, 85, 648),
(1372, 15, 43, 85, 303),
(1373, 15, 43, 85, 624),
(1374, 15, 43, 85, 195),
(1375, 15, 43, 85, 534),
(1376, 15, 47, 201, 840),
(1377, 15, 47, 28, 840),
(1378, 15, 47, 28, 568),
(1379, 15, 47, 28, 565),
(1380, 15, 47, 28, 566),
(1381, 15, 47, 28, 567),
(1382, 15, 47, 28, 197),
(1383, 15, 47, 28, 776),
(1384, 15, 47, 28, 578),
(1385, 15, 47, 28, 501),
(1386, 15, 47, 28, 82),
(1387, 15, 47, 28, 579),
(1388, 15, 47, 28, 750),
(1389, 15, 47, 28, 530),
(1390, 15, 47, 28, 236),
(1391, 15, 47, 28, 581),
(1392, 15, 47, 28, 757),
(1393, 15, 47, 28, 89),
(1394, 15, 48, 201, 840),
(1395, 15, 48, 201, 460),
(1396, 15, 48, 201, 140),
(1397, 15, 48, 201, 738),
(1398, 15, 50, 201, 840),
(1399, 15, 50, 201, 616),
(1400, 15, 50, 201, 230),
(1401, 15, 50, 201, 500),
(1402, 15, 51, 201, 840),
(1403, 15, 51, 103, 840),
(1404, 15, 51, 103, 619),
(1405, 15, 51, 103, 471),
(1406, 15, 51, 114, 840),
(1407, 15, 51, 114, 627),
(1408, 15, 51, 114, 621),
(1409, 15, 51, 114, 562),
(1410, 15, 51, 140, 840),
(1411, 15, 51, 140, 252),
(1412, 15, 51, 140, 741),
(1413, 15, 51, 140, 679),
(1414, 15, 51, 140, 446),
(1415, 15, 51, 140, 361),
(1416, 15, 51, 140, 664),
(1417, 15, 51, 140, 643),
(1418, 15, 51, 140, 515),
(1419, 15, 51, 154, 840),
(1420, 15, 51, 154, 625),
(1421, 15, 51, 154, 621),
(1422, 15, 51, 154, 471),
(1423, 15, 51, 158, 840),
(1424, 15, 51, 158, 629),
(1425, 15, 51, 158, 546),
(1426, 15, 51, 158, 471),
(1427, 15, 51, 166, 840),
(1428, 15, 51, 166, 619),
(1429, 15, 51, 166, 279),
(1430, 15, 51, 166, 344),
(1431, 15, 51, 166, 480),
(1432, 15, 51, 166, 59),
(1433, 15, 51, 169, 840),
(1434, 15, 51, 169, 284),
(1435, 15, 51, 169, 7),
(1436, 15, 52, 201, 840),
(1437, 15, 52, 201, 347),
(1438, 15, 52, 201, 272),
(1439, 15, 52, 201, 754),
(1440, 15, 52, 201, 752),
(1441, 15, 52, 201, 814),
(1442, 15, 52, 201, 225),
(1443, 15, 56, 201, 840),
(1444, 15, 56, 104, 840),
(1445, 15, 56, 104, 94),
(1446, 15, 56, 104, 101),
(1447, 15, 56, 104, 113),
(1448, 15, 56, 104, 358),
(1449, 15, 56, 104, 370),
(1450, 15, 56, 104, 623),
(1451, 15, 56, 104, 631),
(1452, 15, 56, 104, 634),
(1453, 15, 56, 104, 831),
(1454, 15, 57, 201, 840),
(1455, 15, 57, 137, 840),
(1456, 15, 57, 137, 675),
(1457, 15, 57, 146, 840),
(1458, 15, 57, 146, 264),
(1459, 15, 57, 146, 409),
(1460, 15, 57, 146, 407),
(1461, 15, 57, 146, 408),
(1462, 15, 57, 146, 642),
(1463, 15, 57, 146, 468),
(1464, 15, 57, 146, 57),
(1465, 15, 57, 146, 403),
(1466, 15, 60, 201, 840),
(1467, 15, 60, 37, 840),
(1468, 15, 60, 37, 517),
(1469, 15, 60, 37, 379),
(1470, 15, 60, 37, 144),
(1471, 15, 65, 201, 840),
(1472, 15, 65, 201, 717),
(1473, 15, 67, 201, 840),
(1474, 15, 67, 201, 758),
(1475, 15, 67, 201, 759),
(1476, 15, 67, 201, 760),
(1477, 15, 68, 201, 840),
(1478, 15, 68, 42, 840),
(1479, 15, 68, 42, 295),
(1480, 15, 68, 42, 751),
(1481, 15, 68, 42, 817),
(1482, 15, 71, 201, 840),
(1483, 15, 71, 201, 60),
(1484, 16, 2, 201, 840),
(1485, 16, 2, 75, 840),
(1486, 16, 2, 75, 834),
(1487, 16, 2, 75, 87),
(1488, 16, 2, 75, 254),
(1489, 16, 2, 75, 376),
(1490, 16, 2, 75, 589),
(1491, 16, 2, 75, 378),
(1492, 16, 2, 75, 301),
(1493, 16, 2, 75, 254),
(1494, 16, 5, 201, 840),
(1495, 16, 5, 193, 840),
(1496, 16, 5, 193, 58),
(1497, 16, 5, 193, 56),
(1498, 16, 5, 193, 47),
(1499, 16, 5, 200, 840),
(1500, 16, 5, 200, 62),
(1501, 16, 36, 201, 840),
(1502, 16, 36, 110, 840),
(1503, 16, 36, 110, 811),
(1504, 16, 36, 110, 452),
(1505, 16, 36, 110, 404),
(1506, 16, 36, 110, 468),
(1507, 16, 36, 110, 638),
(1508, 16, 36, 123, 840),
(1509, 16, 36, 123, 499),
(1510, 16, 36, 123, 491),
(1511, 16, 36, 123, 470),
(1512, 16, 36, 153, 840),
(1513, 16, 36, 153, 466),
(1514, 16, 36, 153, 3),
(1515, 16, 36, 153, 669),
(1516, 16, 36, 153, 555),
(1517, 16, 36, 153, 337),
(1518, 16, 36, 153, 2),
(1519, 16, 36, 153, 4),
(1520, 16, 38, 201, 840),
(1521, 16, 38, 56, 840),
(1522, 16, 38, 56, 417),
(1523, 16, 38, 56, 442),
(1524, 16, 38, 56, 714),
(1525, 16, 38, 56, 477),
(1526, 16, 50, 201, 840),
(1527, 16, 50, 201, 616),
(1528, 16, 50, 201, 230),
(1529, 16, 50, 201, 500),
(1530, 16, 51, 201, 840),
(1531, 16, 51, 136, 840),
(1532, 16, 51, 136, 619),
(1533, 16, 51, 136, 279),
(1534, 16, 51, 136, 489),
(1535, 16, 51, 145, 840),
(1536, 16, 51, 145, 619),
(1537, 16, 51, 145, 279),
(1538, 16, 51, 145, 489),
(1539, 16, 57, 201, 840),
(1540, 16, 57, 127, 840),
(1541, 16, 57, 127, 365),
(1542, 16, 57, 127, 715),
(1543, 16, 57, 127, 727),
(1544, 16, 71, 201, 840),
(1545, 16, 71, 201, 488),
(1546, 17, 2, 201, 840),
(1547, 17, 2, 75, 840),
(1548, 17, 2, 75, 834),
(1549, 17, 2, 75, 87),
(1550, 17, 2, 75, 254),
(1551, 17, 2, 75, 376),
(1552, 17, 2, 75, 589),
(1553, 17, 2, 75, 378),
(1554, 17, 2, 75, 301),
(1555, 17, 2, 75, 254),
(1556, 17, 5, 201, 840),
(1557, 17, 5, 191, 840),
(1558, 17, 5, 191, 298),
(1559, 17, 5, 191, 43),
(1560, 17, 5, 191, 23),
(1561, 17, 5, 191, 838),
(1562, 17, 5, 191, 53),
(1563, 17, 5, 191, 51),
(1564, 17, 13, 201, 840),
(1565, 17, 23, 201, 840),
(1566, 17, 23, 12, 840),
(1567, 17, 23, 12, 265),
(1568, 17, 23, 12, 24),
(1569, 17, 23, 12, 656),
(1570, 17, 23, 12, 498),
(1571, 17, 23, 12, 528),
(1572, 17, 23, 12, 285),
(1573, 17, 23, 12, 533),
(1574, 17, 36, 201, 840),
(1575, 17, 36, 110, 840),
(1576, 17, 36, 110, 811),
(1577, 17, 36, 110, 452),
(1578, 17, 36, 110, 404),
(1579, 17, 36, 110, 468),
(1580, 17, 36, 110, 638),
(1581, 17, 36, 123, 840),
(1582, 17, 36, 123, 499),
(1583, 17, 36, 123, 491),
(1584, 17, 36, 123, 470),
(1585, 17, 36, 153, 840),
(1586, 17, 36, 153, 466),
(1587, 17, 36, 153, 3),
(1588, 17, 36, 153, 669),
(1589, 17, 36, 153, 555),
(1590, 17, 36, 153, 337),
(1591, 17, 36, 153, 2),
(1592, 17, 36, 153, 4),
(1593, 17, 49, 201, 840),
(1594, 17, 49, 64, 840),
(1595, 17, 49, 64, 782),
(1596, 17, 49, 64, 701),
(1597, 17, 49, 64, 115),
(1598, 17, 49, 102, 840),
(1599, 17, 49, 102, 782),
(1600, 17, 49, 102, 115),
(1601, 17, 50, 201, 840),
(1602, 17, 50, 201, 616),
(1603, 17, 50, 201, 230),
(1604, 17, 50, 201, 500),
(1605, 17, 60, 201, 840),
(1606, 17, 60, 37, 840),
(1607, 17, 60, 37, 229),
(1608, 17, 67, 201, 840),
(1609, 17, 67, 201, 763),
(1610, 18, 2, 201, 840),
(1611, 18, 2, 75, 840),
(1612, 18, 2, 75, 834),
(1613, 18, 2, 75, 87),
(1614, 18, 2, 75, 254),
(1615, 18, 2, 75, 376),
(1616, 18, 2, 75, 589),
(1617, 18, 2, 75, 378),
(1618, 18, 2, 75, 301),
(1619, 18, 2, 75, 254),
(1620, 18, 5, 201, 840),
(1621, 18, 5, 196, 840),
(1622, 18, 5, 196, 206),
(1623, 18, 5, 196, 541),
(1624, 18, 5, 196, 40),
(1625, 18, 5, 196, 96),
(1626, 18, 13, 201, 840),
(1627, 18, 36, 201, 840),
(1628, 18, 36, 110, 840),
(1629, 18, 36, 110, 811),
(1630, 18, 36, 110, 452),
(1631, 18, 36, 110, 404),
(1632, 18, 36, 110, 468),
(1633, 18, 36, 110, 638),
(1634, 18, 36, 123, 840),
(1635, 18, 36, 123, 499),
(1636, 18, 36, 123, 491),
(1637, 18, 36, 123, 470),
(1638, 18, 36, 153, 840),
(1639, 18, 36, 153, 466),
(1640, 18, 36, 153, 3),
(1641, 18, 36, 153, 669),
(1642, 18, 36, 153, 555),
(1643, 18, 36, 153, 337),
(1644, 18, 36, 153, 2),
(1645, 18, 36, 153, 4),
(1646, 18, 36, 153, 808),
(1647, 18, 50, 201, 840),
(1648, 18, 50, 201, 616),
(1649, 18, 50, 201, 230),
(1650, 18, 50, 201, 500),
(1651, 18, 57, 201, 840),
(1652, 18, 57, 132, 840),
(1653, 18, 57, 132, 364),
(1654, 18, 57, 132, 413),
(1655, 18, 57, 132, 397),
(1656, 18, 57, 132, 31),
(1657, 18, 57, 132, 37),
(1658, 18, 57, 132, 117),
(1659, 18, 57, 132, 604),
(1660, 18, 57, 132, 32),
(1661, 18, 57, 132, 33),
(1662, 18, 57, 132, 317),
(1663, 18, 57, 141, 840),
(1664, 18, 57, 141, 363),
(1665, 18, 57, 141, 716),
(1666, 18, 57, 141, 544),
(1667, 18, 57, 141, 55),
(1668, 18, 60, 201, 840),
(1669, 18, 60, 69, 840),
(1670, 18, 60, 69, 331),
(1671, 18, 60, 69, 379),
(1672, 18, 60, 69, 178),
(1673, 19, 1, 201, 840),
(1674, 19, 1, 1, 840),
(1675, 19, 1, 1, 731),
(1676, 19, 1, 1, 328),
(1677, 19, 1, 1, 366),
(1678, 19, 1, 1, 122),
(1679, 19, 1, 1, 684),
(1680, 19, 1, 1, 481),
(1681, 19, 1, 1, 507),
(1682, 19, 1, 1, 732),
(1683, 19, 2, 201, 840),
(1684, 19, 2, 75, 840),
(1685, 19, 2, 75, 834),
(1686, 19, 2, 75, 87),
(1687, 19, 2, 75, 254),
(1688, 19, 2, 75, 376),
(1689, 19, 2, 75, 589),
(1690, 19, 2, 75, 378),
(1691, 19, 2, 75, 301),
(1692, 19, 2, 75, 254),
(1693, 19, 5, 201, 840),
(1694, 19, 5, 188, 840),
(1695, 19, 5, 188, 137),
(1696, 19, 5, 188, 792),
(1697, 19, 5, 188, 194),
(1698, 19, 5, 188, 738),
(1699, 19, 5, 196, 840),
(1700, 19, 5, 196, 207),
(1701, 19, 5, 196, 541),
(1702, 19, 5, 196, 8),
(1703, 19, 13, 201, 840),
(1704, 19, 22, 201, 840),
(1705, 19, 22, 11, 840),
(1706, 19, 22, 11, 212),
(1707, 19, 22, 11, 105),
(1708, 19, 22, 11, 756),
(1709, 19, 22, 11, 547),
(1710, 19, 22, 11, 84),
(1711, 19, 22, 11, 662),
(1712, 19, 22, 11, 126),
(1713, 19, 22, 11, 80),
(1714, 19, 22, 11, 668),
(1715, 19, 27, 201, 840),
(1716, 19, 27, 201, 509),
(1717, 19, 27, 201, 211),
(1718, 19, 27, 201, 159),
(1719, 19, 27, 201, 609),
(1720, 19, 27, 201, 328),
(1721, 19, 27, 201, 325),
(1722, 19, 27, 201, 740),
(1723, 19, 27, 201, 703),
(1724, 19, 27, 201, 391),
(1725, 19, 32, 201, 840),
(1726, 19, 32, 81, 840),
(1727, 19, 32, 81, 375),
(1728, 19, 32, 81, 171),
(1729, 19, 32, 81, 436),
(1730, 19, 32, 81, 414),
(1731, 19, 32, 81, 464),
(1732, 19, 32, 81, 273),
(1733, 19, 32, 81, 607),
(1734, 19, 32, 81, 418),
(1735, 19, 32, 81, 695),
(1736, 19, 32, 98, 840),
(1737, 19, 32, 98, 375),
(1738, 19, 32, 98, 171),
(1739, 19, 32, 98, 436),
(1740, 19, 32, 98, 415),
(1741, 19, 32, 98, 464),
(1742, 19, 32, 98, 273),
(1743, 19, 32, 98, 607),
(1744, 19, 32, 98, 134),
(1745, 19, 32, 98, 778),
(1746, 19, 32, 98, 779),
(1747, 19, 32, 98, 827),
(1748, 19, 32, 98, 746),
(1749, 19, 32, 98, 418),
(1750, 19, 32, 98, 695),
(1751, 19, 36, 201, 840),
(1752, 19, 36, 110, 840),
(1753, 19, 36, 110, 811),
(1754, 19, 36, 110, 452),
(1755, 19, 36, 110, 404),
(1756, 19, 36, 110, 468),
(1757, 19, 36, 110, 638),
(1758, 19, 36, 123, 840),
(1759, 19, 36, 123, 499),
(1760, 19, 36, 123, 491),
(1761, 19, 36, 123, 470),
(1762, 19, 36, 153, 840),
(1763, 19, 36, 153, 466),
(1764, 19, 36, 153, 3),
(1765, 19, 36, 153, 669),
(1766, 19, 36, 153, 555),
(1767, 19, 36, 153, 337),
(1768, 19, 36, 153, 2),
(1769, 19, 36, 153, 4),
(1770, 19, 36, 153, 808),
(1771, 19, 43, 201, 840),
(1772, 19, 43, 25, 840),
(1773, 19, 43, 25, 458),
(1774, 19, 43, 25, 694),
(1775, 19, 43, 25, 312),
(1776, 19, 43, 25, 524),
(1777, 19, 49, 201, 840),
(1778, 19, 49, 113, 840),
(1779, 19, 49, 113, 797),
(1780, 19, 49, 113, 795),
(1781, 19, 49, 113, 327),
(1782, 19, 49, 113, 157),
(1783, 19, 49, 113, 98),
(1784, 19, 49, 113, 693),
(1785, 19, 49, 113, 796),
(1786, 19, 49, 113, 782),
(1787, 19, 49, 113, 781),
(1788, 19, 49, 113, 526),
(1789, 19, 49, 113, 320),
(1790, 19, 49, 113, 292),
(1791, 19, 49, 113, 172),
(1792, 19, 49, 113, 131),
(1793, 19, 50, 201, 840),
(1794, 19, 50, 201, 616),
(1795, 19, 50, 201, 230),
(1796, 19, 50, 201, 500),
(1797, 19, 67, 201, 840),
(1798, 19, 67, 201, 762),
(1799, 20, 20, 201, 840),
(1800, 20, 20, 201, 534),
(1801, 20, 20, 201, 516),
(1802, 20, 20, 201, 345),
(1803, 20, 20, 201, 785),
(1804, 20, 20, 201, 196),
(1805, 20, 20, 201, 678),
(1806, 20, 20, 201, 476),
(1807, 20, 20, 201, 257),
(1808, 20, 20, 201, 722),
(1809, 20, 20, 201, 324),
(1810, 20, 20, 201, 657),
(1811, 20, 20, 201, 100),
(1812, 20, 20, 201, 23),
(1813, 20, 20, 201, 52),
(1814, 20, 20, 201, 493),
(1815, 20, 20, 201, 496),
(1816, 20, 20, 201, 187),
(1817, 20, 20, 201, 35),
(1818, 20, 23, 201, 840),
(1819, 20, 23, 12, 840),
(1820, 20, 23, 12, 350),
(1821, 20, 23, 12, 516),
(1822, 20, 23, 12, 169),
(1823, 20, 23, 12, 74),
(1824, 20, 23, 12, 76),
(1825, 20, 23, 12, 677),
(1826, 20, 23, 12, 265),
(1827, 20, 23, 12, 722),
(1828, 20, 23, 12, 448),
(1829, 20, 23, 12, 322),
(1830, 20, 23, 12, 22),
(1831, 20, 23, 12, 495),
(1832, 20, 23, 12, 51),
(1833, 20, 36, 201, 840),
(1834, 20, 36, 110, 840),
(1835, 20, 36, 110, 811),
(1836, 20, 36, 110, 452),
(1837, 20, 36, 110, 404),
(1838, 20, 36, 110, 468),
(1839, 20, 36, 110, 638),
(1840, 20, 36, 123, 840),
(1841, 20, 36, 123, 499),
(1842, 20, 36, 123, 491),
(1843, 20, 36, 123, 470),
(1844, 20, 36, 153, 840),
(1845, 20, 36, 153, 466),
(1846, 20, 36, 153, 3),
(1847, 20, 36, 153, 669),
(1848, 20, 36, 153, 555),
(1849, 20, 36, 153, 337),
(1850, 20, 36, 153, 2),
(1851, 20, 36, 153, 4),
(1852, 20, 36, 153, 808),
(1853, 20, 42, 201, 840),
(1854, 20, 42, 24, 840),
(1855, 20, 42, 24, 790),
(1856, 20, 42, 24, 348),
(1857, 20, 42, 24, 687),
(1858, 20, 42, 24, 647),
(1859, 20, 42, 24, 154),
(1860, 20, 42, 24, 150),
(1861, 20, 42, 24, 296),
(1862, 20, 42, 60, 840),
(1863, 20, 42, 60, 794),
(1864, 20, 42, 60, 177),
(1865, 20, 42, 60, 182),
(1866, 20, 42, 60, 743),
(1867, 20, 50, 201, 840),
(1868, 20, 50, 201, 616),
(1869, 20, 50, 201, 230),
(1870, 20, 50, 201, 500),
(1871, 20, 60, 201, 840),
(1872, 20, 60, 91, 840),
(1873, 20, 60, 91, 346),
(1874, 20, 60, 91, 352),
(1875, 20, 60, 91, 349),
(1876, 20, 60, 91, 256),
(1877, 20, 60, 91, 334),
(1878, 20, 60, 91, 667),
(1879, 20, 69, 201, 840),
(1880, 20, 69, 201, 782),
(1881, 20, 69, 201, 319),
(1882, 20, 69, 201, 697),
(1883, 20, 69, 201, 689),
(1884, 21, 5, 201, 840),
(1885, 21, 5, 183, 840),
(1886, 21, 5, 183, 266),
(1887, 21, 5, 183, 543),
(1888, 21, 5, 183, 8),
(1889, 21, 5, 188, 840),
(1890, 21, 5, 188, 266),
(1891, 21, 5, 188, 543),
(1892, 21, 5, 188, 818),
(1893, 21, 5, 188, 8),
(1894, 21, 36, 201, 840),
(1895, 21, 36, 110, 840),
(1896, 21, 36, 110, 811),
(1897, 21, 36, 110, 452),
(1898, 21, 36, 110, 404),
(1899, 21, 36, 110, 468),
(1900, 21, 36, 110, 638),
(1901, 21, 36, 123, 840),
(1902, 21, 36, 123, 499),
(1903, 21, 36, 123, 491),
(1904, 21, 36, 123, 470),
(1905, 21, 36, 153, 840),
(1906, 21, 36, 153, 466),
(1907, 21, 36, 153, 3),
(1908, 21, 36, 153, 669),
(1909, 21, 36, 153, 555),
(1910, 21, 36, 153, 337),
(1911, 21, 36, 153, 2),
(1912, 21, 36, 153, 4),
(1913, 21, 36, 153, 808),
(1914, 21, 50, 201, 840),
(1915, 21, 50, 201, 616),
(1916, 21, 50, 201, 230),
(1917, 21, 50, 201, 500),
(1918, 21, 51, 201, 840),
(1919, 21, 51, 162, 840),
(1920, 21, 51, 162, 396),
(1921, 21, 51, 162, 279),
(1922, 21, 51, 162, 711),
(1923, 21, 51, 162, 712),
(1924, 21, 51, 162, 384),
(1925, 21, 51, 162, 445),
(1926, 21, 57, 201, 840),
(1927, 21, 57, 66, 840),
(1928, 21, 57, 66, 670),
(1929, 21, 57, 66, 279),
(1930, 21, 57, 66, 537),
(1931, 21, 57, 120, 840),
(1932, 21, 57, 120, 553),
(1933, 21, 57, 120, 707),
(1934, 21, 57, 120, 721),
(1935, 21, 57, 120, 50),
(1936, 21, 57, 120, 45),
(1937, 21, 57, 120, 61),
(1938, 21, 57, 120, 362),
(1939, 22, 5, 201, 840),
(1940, 22, 5, 46, 840),
(1941, 22, 5, 46, 209),
(1942, 22, 5, 46, 8),
(1943, 22, 5, 173, 840),
(1944, 22, 5, 173, 735),
(1945, 22, 5, 173, 395),
(1946, 22, 5, 173, 730),
(1947, 22, 5, 173, 220),
(1948, 22, 5, 173, 339),
(1949, 22, 5, 174, 840),
(1950, 22, 5, 174, 266),
(1951, 22, 5, 174, 335),
(1952, 22, 5, 174, 538),
(1953, 22, 5, 174, 8),
(1954, 22, 5, 107, 840),
(1955, 22, 5, 107, 266),
(1956, 22, 5, 107, 335),
(1957, 22, 5, 107, 538),
(1958, 22, 5, 107, 8),
(1959, 22, 5, 195, 840),
(1960, 22, 5, 195, 27),
(1961, 22, 7, 201, 840),
(1962, 22, 7, 201, 114),
(1963, 22, 12, 201, 840),
(1964, 22, 12, 143, 840),
(1965, 22, 12, 143, 140),
(1966, 22, 12, 143, 782),
(1967, 22, 12, 143, 692),
(1968, 22, 13, 201, 840),
(1969, 22, 16, 201, 840),
(1970, 22, 34, 201, 840),
(1971, 22, 34, 201, 66),
(1972, 22, 34, 201, 590),
(1973, 22, 34, 201, 315),
(1974, 22, 34, 201, 461),
(1975, 22, 34, 201, 821),
(1976, 22, 34, 201, 822),
(1977, 22, 34, 201, 27),
(1978, 22, 34, 201, 198),
(1979, 22, 34, 201, 161),
(1980, 22, 34, 201, 163),
(1981, 22, 34, 201, 288),
(1982, 22, 34, 201, 165),
(1983, 22, 34, 201, 90),
(1984, 22, 34, 201, 78),
(1985, 22, 34, 201, 357),
(1986, 22, 34, 201, 65),
(1987, 22, 34, 201, 67),
(1988, 22, 34, 123, 840),
(1989, 22, 34, 123, 499),
(1990, 22, 34, 123, 491),
(1991, 22, 34, 123, 470),
(1992, 22, 34, 153, 840),
(1993, 22, 34, 153, 341),
(1994, 22, 34, 153, 837),
(1995, 22, 34, 153, 449),
(1996, 22, 34, 153, 556),
(1997, 22, 34, 153, 620),
(1998, 22, 34, 153, 5),
(1999, 22, 34, 153, 654),
(2000, 22, 34, 153, 637),
(2001, 22, 34, 153, 570),
(2002, 22, 34, 153, 549),
(2003, 22, 44, 201, 840),
(2004, 22, 44, 62, 840),
(2005, 22, 44, 62, 270),
(2006, 22, 44, 62, 564),
(2007, 22, 44, 62, 569),
(2008, 22, 44, 62, 580),
(2009, 22, 44, 62, 610),
(2010, 22, 44, 62, 463),
(2011, 22, 44, 62, 471),
(2012, 22, 44, 62, 149),
(2013, 22, 50, 201, 840),
(2014, 22, 50, 201, 617),
(2015, 22, 50, 201, 230),
(2016, 22, 50, 201, 500),
(2017, 22, 51, 201, 840),
(2018, 22, 51, 154, 840),
(2019, 22, 51, 154, 63),
(2020, 22, 51, 154, 205),
(2021, 22, 51, 154, 543),
(2022, 22, 51, 154, 637),
(2023, 22, 51, 158, 840),
(2024, 22, 51, 158, 63),
(2025, 22, 51, 158, 204),
(2026, 22, 51, 158, 674),
(2027, 22, 51, 158, 643),
(2028, 22, 51, 158, 360),
(2029, 22, 51, 158, 366),
(2030, 22, 51, 158, 247),
(2031, 22, 57, 201, 840),
(2032, 22, 57, 105, 840),
(2033, 22, 57, 105, 79),
(2034, 22, 57, 105, 672),
(2035, 22, 57, 105, 554),
(2036, 22, 57, 105, 404),
(2037, 22, 57, 105, 666),
(2038, 22, 57, 105, 636),
(2039, 22, 57, 105, 336),
(2040, 22, 57, 105, 497),
(2041, 22, 57, 105, 545),
(2042, 22, 67, 201, 840),
(2043, 23, 5, 201, 840),
(2044, 23, 5, 181, 840),
(2045, 23, 5, 181, 266),
(2046, 23, 5, 181, 536),
(2047, 23, 5, 181, 40),
(2048, 23, 5, 182, 840),
(2049, 23, 5, 182, 266),
(2050, 23, 5, 182, 536),
(2051, 23, 5, 182, 40),
(2052, 23, 13, 201, 840),
(2053, 23, 36, 201, 840),
(2054, 23, 36, 123, 840),
(2055, 23, 36, 123, 499),
(2056, 23, 36, 123, 491),
(2057, 23, 36, 123, 470),
(2058, 23, 36, 153, 840),
(2059, 23, 36, 153, 468),
(2060, 23, 36, 153, 465),
(2061, 23, 36, 153, 637),
(2062, 23, 36, 153, 621),
(2063, 23, 36, 153, 550),
(2064, 23, 36, 153, 669),
(2065, 23, 39, 201, 840),
(2066, 23, 39, 22, 840),
(2067, 23, 39, 58, 840),
(2068, 23, 39, 58, 512),
(2069, 23, 39, 84, 840),
(2070, 23, 39, 84, 619),
(2071, 23, 39, 84, 269),
(2072, 23, 39, 101, 840),
(2073, 23, 39, 101, 670),
(2074, 23, 39, 101, 268),
(2075, 23, 39, 111, 840),
(2076, 23, 39, 111, 825),
(2077, 23, 39, 111, 71),
(2078, 23, 39, 111, 73),
(2079, 23, 39, 111, 69),
(2080, 23, 39, 111, 453),
(2081, 23, 39, 111, 644),
(2082, 23, 39, 118, 840),
(2083, 23, 39, 118, 307),
(2084, 23, 39, 118, 510),
(2085, 23, 39, 118, 72),
(2086, 23, 39, 118, 68),
(2087, 23, 39, 118, 70),
(2088, 23, 44, 201, 840),
(2089, 23, 44, 86, 840),
(2090, 23, 50, 201, 840),
(2091, 23, 50, 201, 617),
(2092, 23, 50, 201, 230),
(2093, 23, 50, 201, 500),
(2094, 23, 55, 201, 840),
(2095, 23, 55, 65, 840),
(2096, 23, 55, 65, 641),
(2097, 23, 55, 65, 830),
(2098, 23, 55, 65, 612),
(2099, 23, 70, 201, 840),
(2100, 23, 70, 74, 840),
(2101, 23, 70, 74, 281),
(2102, 23, 70, 74, 451),
(2103, 23, 70, 74, 511),
(2104, 24, 13, 201, 840),
(2105, 24, 13, 123, 840),
(2106, 24, 13, 123, 494),
(2107, 24, 13, 123, 499),
(2108, 24, 13, 123, 491),
(2109, 24, 13, 123, 470),
(2110, 24, 50, 201, 840),
(2111, 24, 50, 201, 617),
(2112, 24, 50, 201, 230),
(2113, 24, 50, 201, 500),
(2114, 24, 50, 201, 726),
(2115, 24, 50, 201, 454),
(2116, 24, 50, 201, 522),
(2117, 24, 50, 201, 645),
(2118, 25, 5, 201, 840),
(2119, 25, 5, 170, 840),
(2120, 25, 5, 170, 209),
(2121, 25, 5, 170, 40),
(2122, 25, 36, 201, 840),
(2123, 25, 36, 123, 840),
(2124, 25, 36, 123, 499),
(2125, 25, 36, 123, 491),
(2126, 25, 36, 123, 470),
(2127, 25, 57, 201, 840),
(2128, 25, 57, 115, 840),
(2129, 25, 57, 115, 737),
(2130, 25, 57, 115, 253),
(2131, 26, 36, 201, 840),
(2132, 26, 36, 110, 840),
(2133, 26, 36, 110, 811),
(2134, 26, 36, 110, 452),
(2135, 26, 36, 110, 404),
(2136, 26, 36, 110, 468),
(2137, 26, 36, 110, 638),
(2138, 26, 36, 123, 840),
(2139, 26, 36, 123, 499),
(2140, 26, 36, 123, 491),
(2141, 26, 36, 123, 470),
(2142, 26, 36, 153, 840),
(2143, 26, 36, 153, 466),
(2144, 26, 36, 153, 3),
(2145, 26, 36, 153, 669),
(2146, 26, 36, 153, 555),
(2147, 26, 36, 153, 337),
(2148, 26, 36, 153, 2),
(2149, 26, 36, 153, 4),
(2150, 26, 36, 153, 808),
(2151, 26, 50, 201, 840),
(2152, 26, 50, 201, 617),
(2153, 26, 50, 201, 230),
(2154, 26, 50, 201, 500),
(2155, 26, 51, 201, 840),
(2156, 26, 51, 172, 840),
(2157, 26, 51, 172, 635),
(2158, 26, 51, 172, 279),
(2159, 26, 51, 172, 535),
(2160, 26, 55, 201, 840),
(2161, 26, 55, 31, 840),
(2162, 26, 55, 31, 782),
(2163, 26, 55, 31, 764),
(2164, 26, 57, 201, 840),
(2165, 26, 57, 155, 840),
(2166, 26, 57, 155, 672),
(2167, 26, 57, 155, 279),
(2168, 26, 57, 155, 535),
(2169, 26, 57, 201, 840),
(2170, 26, 57, 201, 782),
(2171, 26, 57, 201, 16),
(2172, 26, 57, 201, 44),
(2173, 26, 57, 201, 343),
(2174, 26, 57, 201, 540),
(2175, 26, 57, 201, 311),
(2176, 26, 57, 201, 133),
(2177, 26, 57, 201, 160),
(2178, 26, 57, 201, 753),
(2179, 27, 2, 201, 840),
(2180, 27, 2, 75, 840),
(2181, 27, 2, 75, 834),
(2182, 27, 2, 75, 87),
(2183, 27, 2, 75, 254),
(2184, 27, 2, 75, 376),
(2185, 27, 2, 75, 589),
(2186, 27, 2, 75, 378),
(2187, 27, 2, 75, 301),
(2188, 27, 2, 75, 254),
(2189, 27, 12, 201, 840),
(2190, 27, 12, 47, 840),
(2191, 27, 12, 47, 782),
(2192, 27, 12, 47, 431),
(2193, 27, 12, 47, 700),
(2194, 27, 12, 47, 182),
(2195, 27, 12, 78, 840),
(2196, 27, 12, 78, 410),
(2197, 27, 12, 78, 246),
(2198, 27, 12, 108, 840),
(2199, 27, 12, 108, 782),
(2200, 27, 12, 108, 431),
(2201, 27, 12, 108, 700),
(2202, 27, 12, 108, 182),
(2203, 27, 12, 134, 840),
(2204, 27, 12, 134, 782),
(2205, 27, 12, 134, 431),
(2206, 27, 12, 134, 700),
(2207, 27, 12, 134, 182),
(2208, 27, 12, 152, 840),
(2209, 27, 12, 152, 782),
(2210, 27, 12, 152, 431),
(2211, 27, 12, 152, 700),
(2212, 27, 12, 152, 182),
(2213, 27, 12, 152, 443),
(2214, 27, 12, 152, 156),
(2215, 27, 36, 201, 840),
(2216, 27, 36, 110, 840),
(2217, 27, 36, 110, 811),
(2218, 27, 36, 110, 452);
INSERT INTO `AGRUPACION_TABLAS_RETENCION` (`id`, `dependencia_id`, `serie_documental_id`, `subserie_documental_id`, `tipo_documental_id`) VALUES
(2219, 27, 36, 110, 404),
(2220, 27, 36, 110, 468),
(2221, 27, 36, 110, 638),
(2222, 27, 36, 123, 840),
(2223, 27, 36, 123, 499),
(2224, 27, 36, 123, 491),
(2225, 27, 36, 123, 470),
(2226, 27, 36, 153, 840),
(2227, 27, 36, 153, 466),
(2228, 27, 36, 153, 3),
(2229, 27, 36, 153, 669),
(2230, 27, 36, 153, 555),
(2231, 27, 36, 153, 337),
(2232, 27, 36, 153, 2),
(2233, 27, 36, 153, 4),
(2234, 27, 36, 153, 808),
(2235, 27, 38, 201, 840),
(2236, 27, 38, 21, 840),
(2237, 27, 38, 21, 782),
(2238, 27, 38, 21, 427),
(2239, 27, 38, 21, 829),
(2240, 27, 38, 21, 136),
(2241, 27, 38, 21, 700),
(2242, 27, 38, 21, 143),
(2243, 27, 43, 201, 840),
(2244, 27, 43, 61, 840),
(2245, 27, 43, 61, 416),
(2246, 27, 43, 61, 139),
(2247, 27, 43, 61, 440),
(2248, 27, 43, 61, 182),
(2249, 27, 43, 61, 439),
(2250, 27, 43, 61, 419),
(2251, 27, 43, 61, 340),
(2252, 27, 43, 61, 423),
(2253, 27, 43, 61, 613),
(2254, 27, 43, 61, 652),
(2255, 27, 43, 61, 646),
(2256, 27, 43, 61, 561),
(2257, 27, 43, 61, 523),
(2258, 27, 71, 201, 840),
(2259, 27, 71, 201, 504),
(2260, 27, 71, 201, 791);

-- --------------------------------------------------------

--
-- Table structure for table `auth_group`
--

CREATE TABLE `auth_group` (
  `id` int(11) NOT NULL,
  `name` varchar(80) COLLATE utf8_unicode_ci NOT NULL
) ENGINE=InnoDB DEFAULT CHARSET=utf8 COLLATE=utf8_unicode_ci;

--
-- Dumping data for table `auth_group`
--

INSERT INTO `auth_group` (`id`, `name`) VALUES
(1, 'Administrador'),
(2, 'Archivo');

-- --------------------------------------------------------

--
-- Table structure for table `auth_group_permissions`
--

CREATE TABLE `auth_group_permissions` (
  `id` int(11) NOT NULL,
  `group_id` int(11) NOT NULL,
  `permission_id` int(11) NOT NULL
) ENGINE=InnoDB DEFAULT CHARSET=utf8 COLLATE=utf8_unicode_ci;

-- --------------------------------------------------------

--
-- Table structure for table `auth_permission`
--

CREATE TABLE `auth_permission` (
  `id` int(11) NOT NULL,
  `name` varchar(255) COLLATE utf8_unicode_ci NOT NULL,
  `content_type_id` int(11) NOT NULL,
  `codename` varchar(100) COLLATE utf8_unicode_ci NOT NULL
) ENGINE=InnoDB DEFAULT CHARSET=utf8 COLLATE=utf8_unicode_ci;

--
-- Dumping data for table `auth_permission`
--

INSERT INTO `auth_permission` (`id`, `name`, `content_type_id`, `codename`) VALUES
(1, 'Can add user', 1, 'add_user'),
(2, 'Can change user', 1, 'change_user'),
(3, 'Can delete user', 1, 'delete_user'),
(4, 'Can add group', 2, 'add_group'),
(5, 'Can change group', 2, 'change_group'),
(6, 'Can delete group', 2, 'delete_group'),
(7, 'Can add permission', 3, 'add_permission'),
(8, 'Can change permission', 3, 'change_permission'),
(9, 'Can delete permission', 3, 'delete_permission'),
(10, 'Can add content type', 4, 'add_contenttype'),
(11, 'Can change content type', 4, 'change_contenttype'),
(12, 'Can delete content type', 4, 'delete_contenttype'),
(13, 'Can add session', 5, 'add_session'),
(14, 'Can change session', 5, 'change_session'),
(15, 'Can delete session', 5, 'delete_session'),
(16, 'Can add tipo_persona', 6, 'add_tipo_persona'),
(17, 'Can change tipo_persona', 6, 'change_tipo_persona'),
(18, 'Can delete tipo_persona', 6, 'delete_tipo_persona'),
(19, 'Can add lectura_correspondencia', 7, 'add_lectura_correspondencia'),
(20, 'Can change lectura_correspondencia', 7, 'change_lectura_correspondencia'),
(21, 'Can delete lectura_correspondencia', 7, 'delete_lectura_correspondencia'),
(22, 'Can add serie_documental_ retencion', 8, 'add_serie_documental_retencion'),
(23, 'Can change serie_documental_ retencion', 8, 'change_serie_documental_retencion'),
(24, 'Can delete serie_documental_ retencion', 8, 'delete_serie_documental_retencion'),
(25, 'Can add consecutivo', 9, 'add_consecutivo'),
(26, 'Can change consecutivo', 9, 'change_consecutivo'),
(27, 'Can delete consecutivo', 9, 'delete_consecutivo'),
(28, 'Can add agr_retencion_documental', 10, 'add_agr_retencion_documental'),
(29, 'Can change agr_retencion_documental', 10, 'change_agr_retencion_documental'),
(30, 'Can delete agr_retencion_documental', 10, 'delete_agr_retencion_documental'),
(31, 'Can add tipo_documento', 11, 'add_tipo_documento'),
(32, 'Can change tipo_documento', 11, 'change_tipo_documento'),
(33, 'Can delete tipo_documento', 11, 'delete_tipo_documento'),
(34, 'Can add subserie_documental_ retencion', 12, 'add_subserie_documental_retencion'),
(35, 'Can change subserie_documental_ retencion', 12, 'change_subserie_documental_retencion'),
(36, 'Can delete subserie_documental_ retencion', 12, 'delete_subserie_documental_retencion'),
(37, 'Can add tipo_id', 13, 'add_tipo_id'),
(38, 'Can change tipo_id', 13, 'change_tipo_id'),
(39, 'Can delete tipo_id', 13, 'delete_tipo_id'),
(40, 'Can add correspondencia_salida', 14, 'add_correspondencia_salida'),
(41, 'Can change correspondencia_salida', 14, 'change_correspondencia_salida'),
(42, 'Can delete correspondencia_salida', 14, 'delete_correspondencia_salida'),
(43, 'Can add tipo_documental_ retencion', 15, 'add_tipo_documental_retencion'),
(44, 'Can change tipo_documental_ retencion', 15, 'change_tipo_documental_retencion'),
(45, 'Can delete tipo_documental_ retencion', 15, 'delete_tipo_documental_retencion'),
(46, 'Can add oficina', 16, 'add_oficina'),
(47, 'Can change oficina', 16, 'change_oficina'),
(48, 'Can delete oficina', 16, 'delete_oficina'),
(49, 'Can add usuario_x_oficina', 17, 'add_usuario_x_oficina'),
(50, 'Can change usuario_x_oficina', 17, 'change_usuario_x_oficina'),
(51, 'Can delete usuario_x_oficina', 17, 'delete_usuario_x_oficina'),
(52, 'Can add evento_correspondencia_entrada', 18, 'add_evento_correspondencia_entrada'),
(53, 'Can change evento_correspondencia_entrada', 18, 'change_evento_correspondencia_entrada'),
(54, 'Can delete evento_correspondencia_entrada', 18, 'delete_evento_correspondencia_entrada'),
(55, 'Can add dependencia_origen', 19, 'add_dependencia_origen'),
(56, 'Can change dependencia_origen', 19, 'change_dependencia_origen'),
(57, 'Can delete dependencia_origen', 19, 'delete_dependencia_origen'),
(58, 'Can add tipo_correspondencia', 20, 'add_tipo_correspondencia'),
(59, 'Can change tipo_correspondencia', 20, 'change_tipo_correspondencia'),
(60, 'Can delete tipo_correspondencia', 20, 'delete_tipo_correspondencia'),
(61, 'Can add empresa_mensajeria', 21, 'add_empresa_mensajeria'),
(62, 'Can change empresa_mensajeria', 21, 'change_empresa_mensajeria'),
(63, 'Can delete empresa_mensajeria', 21, 'delete_empresa_mensajeria'),
(64, 'Can add correspondencia_entrada', 22, 'add_correspondencia_entrada'),
(65, 'Can change correspondencia_entrada', 22, 'change_correspondencia_entrada'),
(66, 'Can delete correspondencia_entrada', 22, 'delete_correspondencia_entrada'),
(67, 'Can add persona', 23, 'add_persona'),
(68, 'Can change persona', 23, 'change_persona'),
(69, 'Can delete persona', 23, 'delete_persona'),
(70, 'Can add dependencia', 24, 'add_dependencia'),
(71, 'Can change dependencia', 24, 'change_dependencia'),
(72, 'Can delete dependencia', 24, 'delete_dependencia'),
(73, 'Can add usuario', 1, 'add_usuario'),
(74, 'Can change usuario', 1, 'change_usuario'),
(75, 'Can delete usuario', 1, 'delete_usuario');

-- --------------------------------------------------------

--
-- Table structure for table `auth_user`
--

CREATE TABLE `auth_user` (
  `id` int(11) NOT NULL,
  `password` varchar(128) COLLATE utf8_unicode_ci NOT NULL,
  `last_login` datetime(6) DEFAULT NULL,
  `is_superuser` tinyint(1) NOT NULL,
  `username` varchar(150) COLLATE utf8_unicode_ci NOT NULL,
  `first_name` varchar(30) COLLATE utf8_unicode_ci NOT NULL,
  `last_name` varchar(150) COLLATE utf8_unicode_ci NOT NULL,
  `email` varchar(254) COLLATE utf8_unicode_ci NOT NULL,
  `is_staff` tinyint(1) NOT NULL,
  `is_active` tinyint(1) NOT NULL,
  `date_joined` datetime(6) NOT NULL
) ENGINE=InnoDB DEFAULT CHARSET=utf8 COLLATE=utf8_unicode_ci;

--
-- Dumping data for table `auth_user`
--

INSERT INTO `auth_user` (`id`, `password`, `last_login`, `is_superuser`, `username`, `first_name`, `last_name`, `email`, `is_staff`, `is_active`, `date_joined`) VALUES
(1, 'pbkdf2_sha256$100000$J2WTx3hV3Osh$AmLcK6J295A+SulqtzojLjQZSuYT3f/u+acw72zrSys=', '2018-07-31 21:48:29.308898', 0, 'administrador', 'Administrador', 'del Sistemas', 'exa@example.com', 0, 1, '2017-04-12 04:11:55.867602'),
(2, 'pbkdf2_sha256$100000$va2wsNUwu6CY$m3zlN3lqIEIvvLY4BXAbZmBqogBNjm2vBQgmlXmp8FY=', '2018-06-12 22:14:59.414121', 0, 'LIDER TIC', 'Jose Mauricio', 'Velasquez Trujillo', 'admongelt@girardot-cundinamarca.gov.co', 0, 1, '2018-06-12 22:14:06.826586');

-- --------------------------------------------------------

--
-- Table structure for table `auth_user_groups`
--

CREATE TABLE `auth_user_groups` (
  `id` int(11) NOT NULL,
  `user_id` int(11) NOT NULL,
  `group_id` int(11) NOT NULL
) ENGINE=InnoDB DEFAULT CHARSET=utf8 COLLATE=utf8_unicode_ci;

--
-- Dumping data for table `auth_user_groups`
--

INSERT INTO `auth_user_groups` (`id`, `user_id`, `group_id`) VALUES
(3, 1, 1),
(4, 2, 1);

-- --------------------------------------------------------

--
-- Table structure for table `auth_user_user_permissions`
--

CREATE TABLE `auth_user_user_permissions` (
  `id` int(11) NOT NULL,
  `user_id` int(11) NOT NULL,
  `permission_id` int(11) NOT NULL
) ENGINE=InnoDB DEFAULT CHARSET=utf8 COLLATE=utf8_unicode_ci;

-- --------------------------------------------------------

--
-- Table structure for table `CONSECUTIVO`
--

CREATE TABLE `CONSECUTIVO` (
  `id` int(11) NOT NULL,
  `correspondencia_x_oficina` varchar(3) COLLATE utf8_unicode_ci NOT NULL,
  `consecutivo` varchar(10) COLLATE utf8_unicode_ci NOT NULL
) ENGINE=InnoDB DEFAULT CHARSET=utf8 COLLATE=utf8_unicode_ci;

--
-- Dumping data for table `CONSECUTIVO`
--

INSERT INTO `CONSECUTIVO` (`id`, `correspondencia_x_oficina`, `consecutivo`) VALUES
(1, 'PE', '1'),
(2, 'PI', '2');

-- --------------------------------------------------------

--
-- Table structure for table `CORRESPONDENCIA_ENTRADA`
--

CREATE TABLE `CORRESPONDENCIA_ENTRADA` (
  `id` int(11) NOT NULL,
  `fecha_recibido` date NOT NULL,
  `hora_recibido` time(6) NOT NULL,
  `numero_radicacion` varchar(30) COLLATE utf8_unicode_ci NOT NULL,
  `correspondencia_x_oficina` varchar(2) COLLATE utf8_unicode_ci NOT NULL,
  `asunto` varchar(200) COLLATE utf8_unicode_ci NOT NULL,
  `observacion` longtext COLLATE utf8_unicode_ci,
  `fecha_documento_radicado` date NOT NULL,
  `numero_folios_documento` varchar(4) COLLATE utf8_unicode_ci NOT NULL,
  `archivo_digital` varchar(100) COLLATE utf8_unicode_ci NOT NULL,
  `visualizado` tinyint(1) NOT NULL,
  `anulado` tinyint(1) NOT NULL,
  `dependencia_id` int(11) NOT NULL,
  `dependencia_origen_id` int(11) DEFAULT NULL,
  `remitente_id` int(11) NOT NULL,
  `serie_documental_id` int(11) NOT NULL,
  `subserie_documental_id` int(11) DEFAULT NULL,
  `tipo_correspondencia_id` int(11) NOT NULL,
  `tipo_documental_id` int(11) DEFAULT NULL,
  `tipo_documento_id` int(11) NOT NULL,
  `usuario_id` int(11) NOT NULL
) ENGINE=InnoDB DEFAULT CHARSET=utf8 COLLATE=utf8_unicode_ci;

--
-- Dumping data for table `CORRESPONDENCIA_ENTRADA`
--

INSERT INTO `CORRESPONDENCIA_ENTRADA` (`id`, `fecha_recibido`, `hora_recibido`, `numero_radicacion`, `correspondencia_x_oficina`, `asunto`, `observacion`, `fecha_documento_radicado`, `numero_folios_documento`, `archivo_digital`, `visualizado`, `anulado`, `dependencia_id`, `dependencia_origen_id`, `remitente_id`, `serie_documental_id`, `subserie_documental_id`, `tipo_correspondencia_id`, `tipo_documental_id`, `tipo_documento_id`, `usuario_id`) VALUES
(1, '2018-06-12', '17:16:30.000000', '20180612-PI00000002', '', 'Plan de capacitacion por la otic', 'INVITACION PARA SOCIALIZAR PLAN DE CAPACITACION', '2018-06-12', '2', '', 0, 0, 22, NULL, 1, 51, 158, 2, 204, 4, 2);

-- --------------------------------------------------------

--
-- Table structure for table `CORRESPONDENCIA_SALIDA`
--

CREATE TABLE `CORRESPONDENCIA_SALIDA` (
  `id` int(11) NOT NULL,
  `fecha` date NOT NULL,
  `hora` time(6) NOT NULL,
  `fecha_documento` date NOT NULL,
  `fecha_envio` date NOT NULL,
  `asunto` varchar(200) COLLATE utf8_unicode_ci NOT NULL,
  `observacion` longtext COLLATE utf8_unicode_ci,
  `numero_folios_documento` varchar(4) COLLATE utf8_unicode_ci NOT NULL,
  `numero_guia` varchar(30) COLLATE utf8_unicode_ci NOT NULL,
  `archivo_adjunto` varchar(100) COLLATE utf8_unicode_ci NOT NULL,
  `dependencia_id` int(11) NOT NULL,
  `empresa_mensajeria_id` int(11) NOT NULL,
  `persona_id` int(11) NOT NULL,
  `serie_documental_id` int(11) NOT NULL,
  `subserie_documental_id` int(11) DEFAULT NULL,
  `tipo_correspondencia_id` int(11) NOT NULL,
  `tipo_documental_id` int(11) DEFAULT NULL,
  `tipo_documento_id` int(11) NOT NULL,
  `usuario_id` int(11) NOT NULL
) ENGINE=InnoDB DEFAULT CHARSET=utf8 COLLATE=utf8_unicode_ci;

-- --------------------------------------------------------

--
-- Table structure for table `DEPENDENCIA_ALCALDIA`
--

CREATE TABLE `DEPENDENCIA_ALCALDIA` (
  `id` int(11) NOT NULL,
  `codigo` varchar(4) COLLATE utf8_unicode_ci NOT NULL,
  `dependencia` longtext COLLATE utf8_unicode_ci NOT NULL
) ENGINE=InnoDB DEFAULT CHARSET=utf8 COLLATE=utf8_unicode_ci;

--
-- Dumping data for table `DEPENDENCIA_ALCALDIA`
--

INSERT INTO `DEPENDENCIA_ALCALDIA` (`id`, `codigo`, `dependencia`) VALUES
(1, '100', 'DESPACHO ALCALDE'),
(2, '101', 'OFICINA ASESORA DE PLANEACIN'),
(3, '102', 'OFICINA ASESORA JURDICA'),
(4, '103', 'CONTROL INTERNO DISCIPLINARIO'),
(5, '104', 'CONTROL INTERNO DE GESTIN'),
(6, '105', 'OFICINA ASESORA DE CONTRATACIN'),
(7, '110', 'SECRETARA DE HACIENDA'),
(8, '111', 'SECRETARA DE HACIENDA: CONTABILIDAD Y PRESUPUESTO'),
(9, '112', 'SECRETARA DE HACIENDA: IMPUESTOS'),
(10, '113', 'SECRETARA DE HACIENDA: ALMACN'),
(11, '114', 'SECRETARA DE HACIENDA: TESORERA - PAGADURA'),
(12, '120', 'SECRETARA DE GOBIERNO'),
(13, '121', 'SECRETARA DE GOBIERNO: COMISARAS DE FAMILIA'),
(14, '122', 'SECRETARA DE GOBIERNO: INSPECCIN DE POLICA Y CORREGIMIENTO'),
(15, '130', 'SECRETARA DE EDUCACIN'),
(16, '140', 'SECRETARA DE SALUD'),
(17, '150', 'SECRETARA DE INFRAESTRUCTURA'),
(18, '160', 'SECRETARA DE DESARROLLO ECONMICO Y SOCIAL'),
(19, '170', 'SECRETARA DE TRNSITO Y TRANSPORTE'),
(20, '180', 'DIRECCIN DE VIVIENDA'),
(21, '190', 'DIRECCIN DE ASISTENCIA TCNICA Y MEDIO AMBIENTE'),
(22, '200', 'DIRECCIN ADMINISTRATIVA'),
(23, '201', 'DIRECCIN ADMINISTRATIVA: ARCHIVO GENERAL MUNICIPAL'),
(24, '202', 'DIRECCIN ADMINISTRATIVA: ATENCIN AL CIUDADANO Y VENTANILLA DE CORRESP.'),
(25, '203', 'DIRECCIN ADMINISTRATIVA - Sistema TIC'),
(26, '210', 'DIRECCIN DE DEPORTES'),
(27, '220', 'DIRECCIN TCNICA DE PLANEACIN');

-- --------------------------------------------------------

--
-- Table structure for table `DEPENDENCIA_ORIGEN`
--

CREATE TABLE `DEPENDENCIA_ORIGEN` (
  `id` int(11) NOT NULL,
  `dependencia_id` int(11) NOT NULL
) ENGINE=InnoDB DEFAULT CHARSET=utf8 COLLATE=utf8_unicode_ci;

-- --------------------------------------------------------

--
-- Table structure for table `django_content_type`
--

CREATE TABLE `django_content_type` (
  `id` int(11) NOT NULL,
  `app_label` varchar(100) COLLATE utf8_unicode_ci NOT NULL,
  `model` varchar(100) COLLATE utf8_unicode_ci NOT NULL
) ENGINE=InnoDB DEFAULT CHARSET=utf8 COLLATE=utf8_unicode_ci;

--
-- Dumping data for table `django_content_type`
--

INSERT INTO `django_content_type` (`id`, `app_label`, `model`) VALUES
(2, 'auth', 'group'),
(3, 'auth', 'permission'),
(1, 'auth', 'user'),
(4, 'contenttypes', 'contenttype'),
(10, 'correspondencia', 'agr_retencion_documental'),
(9, 'correspondencia', 'consecutivo'),
(22, 'correspondencia', 'correspondencia_entrada'),
(14, 'correspondencia', 'correspondencia_salida'),
(24, 'correspondencia', 'dependencia'),
(19, 'correspondencia', 'dependencia_origen'),
(21, 'correspondencia', 'empresa_mensajeria'),
(18, 'correspondencia', 'evento_correspondencia_entrada'),
(7, 'correspondencia', 'lectura_correspondencia'),
(16, 'correspondencia', 'oficina'),
(23, 'correspondencia', 'persona'),
(8, 'correspondencia', 'serie_documental_retencion'),
(12, 'correspondencia', 'subserie_documental_retencion'),
(20, 'correspondencia', 'tipo_correspondencia'),
(15, 'correspondencia', 'tipo_documental_retencion'),
(11, 'correspondencia', 'tipo_documento'),
(13, 'correspondencia', 'tipo_id'),
(6, 'correspondencia', 'tipo_persona'),
(25, 'correspondencia', 'usuario'),
(17, 'correspondencia', 'usuario_x_oficina'),
(5, 'sessions', 'session');

-- --------------------------------------------------------

--
-- Table structure for table `django_migrations`
--

CREATE TABLE `django_migrations` (
  `id` int(11) NOT NULL,
  `app` varchar(255) COLLATE utf8_unicode_ci NOT NULL,
  `name` varchar(255) COLLATE utf8_unicode_ci NOT NULL,
  `applied` datetime(6) NOT NULL
) ENGINE=InnoDB DEFAULT CHARSET=utf8 COLLATE=utf8_unicode_ci;

--
-- Dumping data for table `django_migrations`
--

INSERT INTO `django_migrations` (`id`, `app`, `name`, `applied`) VALUES
(1, 'contenttypes', '0001_initial', '2018-06-12 19:39:42.997153'),
(2, 'contenttypes', '0002_remove_content_type_name', '2018-06-12 19:39:44.988266'),
(3, 'auth', '0001_initial', '2018-06-12 19:40:01.843587'),
(4, 'auth', '0002_alter_permission_name_max_length', '2018-06-12 19:40:03.092740'),
(5, 'auth', '0003_alter_user_email_max_length', '2018-06-12 19:40:04.164515'),
(6, 'auth', '0004_alter_user_username_opts', '2018-06-12 19:40:04.252632'),
(7, 'auth', '0005_alter_user_last_login_null', '2018-06-12 19:40:05.652646'),
(8, 'auth', '0006_require_contenttypes_0002', '2018-06-12 19:40:05.719886'),
(9, 'auth', '0007_alter_validators_add_error_messages', '2018-06-12 19:40:05.861159'),
(10, 'auth', '0008_alter_user_username_max_length', '2018-06-12 19:40:07.664520'),
(11, 'auth', '0009_alter_user_last_name_max_length', '2018-06-12 19:40:09.407555'),
(12, 'correspondencia', '0001_initial', '2018-06-12 19:41:04.581158'),
(13, 'sessions', '0001_initial', '2018-06-12 19:41:05.169853');

-- --------------------------------------------------------

--
-- Table structure for table `django_session`
--

CREATE TABLE `django_session` (
  `session_key` varchar(40) COLLATE utf8_unicode_ci NOT NULL,
  `session_data` longtext COLLATE utf8_unicode_ci NOT NULL,
  `expire_date` datetime(6) NOT NULL
) ENGINE=InnoDB DEFAULT CHARSET=utf8 COLLATE=utf8_unicode_ci;

--
-- Dumping data for table `django_session`
--

INSERT INTO `django_session` (`session_key`, `session_data`, `expire_date`) VALUES
('5s54zvzhpwxyphu6wu5hl8idutiz7kye', 'MGExMGUyNzI3YmQ3NmFjMWU0Nzk0YmU4MTcxZTYzOGNlMDY2MzdjMTp7Il9hdXRoX3VzZXJfaGFzaCI6ImZjMjFmOTE3OGQzMTAzOGFiY2I0ODQzYjViZGI0ZjZiN2ZmZDFiZjIiLCJfYXV0aF91c2VyX2lkIjoiMSIsIl9hdXRoX3VzZXJfYmFja2VuZCI6ImRqYW5nby5jb250cmliLmF1dGguYmFja2VuZHMuTW9kZWxCYWNrZW5kIn0=', '2018-08-14 21:48:29.342535'),
('6arcpjd1qeyqtuzgd563a6fg1ocfuy5k', 'YThiODQ1YjFmNTIwNjVlMGQwMDc4N2ZkMzg3ZmI1ZThmZDA2MzMwNzp7Il9hdXRoX3VzZXJfYmFja2VuZCI6ImRqYW5nby5jb250cmliLmF1dGguYmFja2VuZHMuTW9kZWxCYWNrZW5kIiwiX2F1dGhfdXNlcl9pZCI6IjEiLCJfYXV0aF91c2VyX2hhc2giOiJmYzIxZjkxNzhkMzEwMzhhYmNiNDg0M2I1YmRiNGY2YjdmZmQxYmYyIn0=', '2018-08-14 21:41:07.353538'),
('ruoysvbya6173h7xivhhv3za12xaawbn', 'MDFjZjg4OWExMThlNGVkYTQ5MGM1MzYyZDRiZTRkZDY3MGViOTA5OTp7Il9hdXRoX3VzZXJfYmFja2VuZCI6ImRqYW5nby5jb250cmliLmF1dGguYmFja2VuZHMuTW9kZWxCYWNrZW5kIiwiX2F1dGhfdXNlcl9pZCI6IjEiLCJyZXNwdWVzdGEiOnsicmVzcHVlc3RhIjoiVXN1YXJpbyBvIGNvbnRyYXNlXHUwMGYxYSBpbnZcdTAwZTFsaWRvIiwiaW5kaWNhZG9yIjowfSwiX2F1dGhfdXNlcl9oYXNoIjoiZmMyMWY5MTc4ZDMxMDM4YWJjYjQ4NDNiNWJkYjRmNmI3ZmZkMWJmMiJ9', '2018-08-06 23:00:11.021981'),
('s7hoz769o8co2nc2wfvzntarbre5p2u7', 'MGExMGUyNzI3YmQ3NmFjMWU0Nzk0YmU4MTcxZTYzOGNlMDY2MzdjMTp7Il9hdXRoX3VzZXJfaGFzaCI6ImZjMjFmOTE3OGQzMTAzOGFiY2I0ODQzYjViZGI0ZjZiN2ZmZDFiZjIiLCJfYXV0aF91c2VyX2lkIjoiMSIsIl9hdXRoX3VzZXJfYmFja2VuZCI6ImRqYW5nby5jb250cmliLmF1dGguYmFja2VuZHMuTW9kZWxCYWNrZW5kIn0=', '2018-07-19 02:47:52.953669');

-- --------------------------------------------------------

--
-- Table structure for table `EMPRESA_MENSAJERIA`
--

CREATE TABLE `EMPRESA_MENSAJERIA` (
  `id` int(11) NOT NULL,
  `nombre` varchar(120) COLLATE utf8_unicode_ci NOT NULL,
  `numero_id` varchar(20) COLLATE utf8_unicode_ci NOT NULL,
  `direccion` longtext COLLATE utf8_unicode_ci NOT NULL,
  `telefono` varchar(100) COLLATE utf8_unicode_ci NOT NULL,
  `pagina_web` varchar(20) COLLATE utf8_unicode_ci NOT NULL,
  `tipo_id_id` int(11) NOT NULL
) ENGINE=InnoDB DEFAULT CHARSET=utf8 COLLATE=utf8_unicode_ci;

-- --------------------------------------------------------

--
-- Table structure for table `EVENTO_CORRESPONDENCIA_ENTRADA`
--

CREATE TABLE `EVENTO_CORRESPONDENCIA_ENTRADA` (
  `id` int(11) NOT NULL,
  `fecha` date NOT NULL,
  `hora` time(6) NOT NULL,
  `evento_realizado` varchar(100) COLLATE utf8_unicode_ci NOT NULL,
  `correspondencia_id` int(11) NOT NULL,
  `usuario_id` int(11) NOT NULL
) ENGINE=InnoDB DEFAULT CHARSET=utf8 COLLATE=utf8_unicode_ci;

-- --------------------------------------------------------

--
-- Table structure for table `LECTURA_CORRESPONDENCIA`
--

CREATE TABLE `LECTURA_CORRESPONDENCIA` (
  `id` int(11) NOT NULL,
  `fecha` date NOT NULL,
  `hora` time(6) NOT NULL,
  `documento_fisico` tinyint(1) NOT NULL,
  `documento_virtual` tinyint(1) NOT NULL,
  `observacion` longtext COLLATE utf8_unicode_ci NOT NULL,
  `correspondencia_id` int(11) NOT NULL,
  `usuario_id` int(11) NOT NULL
) ENGINE=InnoDB DEFAULT CHARSET=utf8 COLLATE=utf8_unicode_ci;

-- --------------------------------------------------------

--
-- Table structure for table `OFICINA_RECEPCION_CORRESPONDENCIA`
--

CREATE TABLE `OFICINA_RECEPCION_CORRESPONDENCIA` (
  `id` int(11) NOT NULL,
  `codigo` varchar(3) COLLATE utf8_unicode_ci NOT NULL,
  `oficina` varchar(10) COLLATE utf8_unicode_ci NOT NULL
) ENGINE=InnoDB DEFAULT CHARSET=utf8 COLLATE=utf8_unicode_ci;

--
-- Dumping data for table `OFICINA_RECEPCION_CORRESPONDENCIA`
--

INSERT INTO `OFICINA_RECEPCION_CORRESPONDENCIA` (`id`, `codigo`, `oficina`) VALUES
(1, '00', 'No Aplica'),
(2, '01', 'Principal');

-- --------------------------------------------------------

--
-- Table structure for table `PERSONA`
--

CREATE TABLE `PERSONA` (
  `id` int(11) NOT NULL,
  `nombre` varchar(120) COLLATE utf8_unicode_ci NOT NULL,
  `numero_id` varchar(20) COLLATE utf8_unicode_ci NOT NULL,
  `direccion` longtext COLLATE utf8_unicode_ci NOT NULL,
  `telefono` varchar(18) COLLATE utf8_unicode_ci NOT NULL,
  `email` varchar(254) COLLATE utf8_unicode_ci NOT NULL,
  `tipo_id_id` int(11) NOT NULL,
  `tipo_persona_id` int(11) NOT NULL,
  `usuario_id` int(11) NOT NULL
) ENGINE=InnoDB DEFAULT CHARSET=utf8 COLLATE=utf8_unicode_ci;

--
-- Dumping data for table `PERSONA`
--

INSERT INTO `PERSONA` (`id`, `nombre`, `numero_id`, `direccion`, `telefono`, `email`, `tipo_id_id`, `tipo_persona_id`, `usuario_id`) VALUES
(1, 'JOSE MAURICIO VELASQUEZ TRUJILLO', '11223744', 'CALLE 21 N. 12 49 BARRIO SUCRE', '3103192893', 'mauro646@gmail.com', 1, 1, 1),
(2, 'Oscar Gonzalez', '11206486', 'Cll 13 no 10 -65', '33333333', 'no@exp.co', 1, 1, 1);

-- --------------------------------------------------------

--
-- Table structure for table `SERIE_DOCUMENTAL_RETENCION`
--

CREATE TABLE `SERIE_DOCUMENTAL_RETENCION` (
  `id` int(11) NOT NULL,
  `codigo` varchar(4) COLLATE utf8_unicode_ci NOT NULL,
  `serie_documental` longtext COLLATE utf8_unicode_ci NOT NULL
) ENGINE=InnoDB DEFAULT CHARSET=utf8 COLLATE=utf8_unicode_ci;

--
-- Dumping data for table `SERIE_DOCUMENTAL_RETENCION`
--

INSERT INTO `SERIE_DOCUMENTAL_RETENCION` (`id`, `codigo`, `serie_documental`) VALUES
(1, '01', 'ACCIDENTES'),
(2, '02', 'ACCIONES CONSTITUCIONALES'),
(3, '03', 'ACCIONES CONTENCIOSAS ADMINISTRATIVAS'),
(4, '04', 'ACCIONES ORDINARIAS'),
(5, '05', 'ACTAS'),
(6, '06', 'ACUERDOS'),
(7, '07', 'AUTOLIQUIDACIONES A SEGURIDAD SOCIAL'),
(8, '08', 'AUTORIZACIONES'),
(9, '09', 'BOLETN ESTADSTICO'),
(10, '10', 'BANCO DE DATOS'),
(11, '11', 'CAPACITACIONES'),
(12, '12', 'CERTIFICACIONES'),
(13, '13', 'CIRCULARES'),
(14, '14', 'COBROS COACTIVOS'),
(15, '15', 'COMPROBANTES'),
(16, '16', 'CONSECUTIVO DE COMUNICACIONES OFICIALES'),
(17, '17', 'CONCILIACIONES'),
(18, '18', 'CONCURSOS'),
(19, '19', 'CONSTANCIAS'),
(20, '20', 'CONTRATOS'),
(21, '20', 'CONTRATOS DOCENTES y/u ORDENES DE TRABAJO'),
(22, '21', 'CONTRAVENCIONES'),
(23, '22', 'CONVENIOS'),
(24, '23', 'CRDITOS FONDOS MUNICIPALES'),
(25, '24', 'DECRETOS MUNICIPALES'),
(26, '25', 'DENUNCIAS'),
(27, '26', 'DESMOVILIZACIN VEHICULAR'),
(28, '27', 'ENTRADAS Y SALIDAS DE ELEMENTOS'),
(29, '28', 'ESCALAFN DOCENTES COLEGIOS PRIVADOS'),
(30, '28', 'OBLIGACIONES FINANCIERAS'),
(31, '30', 'EVALUACIONES'),
(32, '31', 'HISTORIALES'),
(33, '32', 'ESTADOS FINANCIEROS'),
(34, '32', 'HISTORIAS LABORALES'),
(35, '33', 'IMPUESTOS'),
(36, '34', 'INFORMES'),
(37, '35', 'HISTORIALES'),
(38, '35', 'INSCRIPCIONES'),
(39, '36', 'INSTRUMENTOS ARCHIVSTICOS'),
(40, '37', 'INFORMES'),
(41, '37', 'INVENTARIOS'),
(42, '38', 'LEGALIZACIN'),
(43, '40', 'LICENCIAS'),
(44, '41', 'MANUALES'),
(45, '42', 'LIBROS CONTABLES'),
(46, '42', 'MATRCULAS INMOBILIARIAS'),
(47, '43', 'NMINA'),
(48, '45', 'PASANTAS'),
(49, '46', 'PERMISOS'),
(50, '47', 'PETICIONES, QUEJAS, RECLAMOS, SOLICITUDES, DEMANDAS - PQRSD'),
(51, '48', 'PLANES'),
(52, '49', 'PLANTA DE PERSONAL'),
(53, '50', 'POLTICAS PBLICAS'),
(54, '51', 'PLIZAS DE SEGUROS'),
(55, '52', 'PRSTAMOS'),
(56, '54', 'PROCESOS'),
(57, '55', 'PROGRAMAS'),
(58, '56', 'PRESUPUESTOS'),
(59, '56', 'PROPIEDAD HORIZONTAL'),
(60, '57', 'PROYECTOS'),
(61, '58', 'QUERELLAS'),
(62, '59', 'RECONOCIMIENTOS CLUBES DEPORTIVOS'),
(63, '60', 'RECURSOS'),
(64, '61', 'REGISTROS'),
(65, '61', 'REGISTRO Y CONTROL DE DISTRIBUCIN COMUNICACIONES OFICIALES'),
(66, '62', 'REGISTRO Y CONTROL DE COMUNICACIONES OFICIALES'),
(67, '63', 'RESOLUCIONES'),
(68, '64', 'SELECCIN DE DOCENTES'),
(69, '65', 'TITULACIN DE BIENES FISCALES'),
(70, '66', 'TRANSFERENCIAS'),
(71, '67', 'VISITAS TCNICAS Y/O ASISTENCIA TCNICA');

-- --------------------------------------------------------

--
-- Table structure for table `SUBSERIE_DOCUMENTAL_RETENCION`
--

CREATE TABLE `SUBSERIE_DOCUMENTAL_RETENCION` (
  `id` int(11) NOT NULL,
  `codigo` varchar(4) COLLATE utf8_unicode_ci NOT NULL,
  `subserie_documental` longtext COLLATE utf8_unicode_ci NOT NULL
) ENGINE=InnoDB DEFAULT CHARSET=utf8 COLLATE=utf8_unicode_ci;

--
-- Dumping data for table `SUBSERIE_DOCUMENTAL_RETENCION`
--

INSERT INTO `SUBSERIE_DOCUMENTAL_RETENCION` (`id`, `codigo`, `subserie_documental`) VALUES
(1, '01', 'Accidentes de Trnsito'),
(2, '01', 'Acciones de cumplimiento'),
(3, '01', 'Acciones de controvesia contractual'),
(4, '01', 'Actas Asistencia Tcnica Estamentos Externos'),
(5, '01', 'Autorizaciones de registro de defuncin'),
(6, '01', 'Banco de datos estadsticos del municipio'),
(7, '01', 'Capacitaciones del SIGC-MECI'),
(8, '01', 'Comprobantes de diario y contabilidad'),
(9, '01', 'Conciliaciones bancarias'),
(10, '01', 'Contancias de radicacin de documentos para enajenacin'),
(11, '01', 'Contravenciones de trnsito'),
(12, '01', 'Convenios Interadministrativos'),
(13, '01', 'Crditos Fondo Educativo Municipal Becas'),
(14, '01', 'Denuncias por alimentos adulto mayor'),
(15, '01', 'Entradas y salidas de elementos de consumo y devolutivos'),
(16, '01', 'Hoja de ruta'),
(17, '01', 'Evaluaciones de Competencias'),
(18, '01', 'Historiales de Contribuyentes de Industria y Comercio'),
(19, '01', 'Impuestos Espectculos pblicos y Artes Escnicas'),
(20, '01', 'Informes a la Alta Direccin'),
(21, '01', 'Inscripciones de profesionales sector construccin'),
(22, '01', 'Cuadro de Clasificacin documental - CCD'),
(23, '01', 'Inventarios generales de bienes devolutivos'),
(24, '01', 'Legalizacin de barrios'),
(25, '01', 'Licencias de Conduccin'),
(26, '01', 'Manuales de calidad, procedimientos y de operacin del Sistema integrado de Gestin'),
(27, '01', 'Libros de Diario'),
(28, '01', 'Hoja de ruta'),
(29, '01', 'Permisos eventos espacio pblico . Artes escnicas'),
(30, '01', 'Plan Anual de Adquisiciones'),
(31, '01', 'Prstamos de escenarios deportivos'),
(32, '01', 'Procesos de investigacin Disciplinaria'),
(33, '01', 'PROGRAMAS'),
(34, '01', 'PROGRAMA ANUAL DE CAJA - PAC'),
(35, '01', 'Aprobacin reglamento propiedad horizontal'),
(36, '01', 'Presupuestos de ingresos y gastos'),
(37, '01', 'Proyectos - Bancos de Proyectos'),
(38, '01', 'Proyectos'),
(39, '01', 'Querellas por lanzamiento por ocupacin de hecho'),
(40, '01', 'Recursos de apelacin'),
(41, '01', 'Registros Publicidad visual exterior (Aviso publicitario - Pasacalles - Vallas)'),
(42, '01', 'BANCO DE LA EXCELENCIA'),
(43, '01', 'Transferencias bancarias'),
(44, '02', 'Acciones de grupo'),
(45, '02', 'Acciones de nulidad'),
(46, '02', 'Actas Comisin de personal'),
(47, '02', 'Certificaciones de Cesantas parciales y definitivas'),
(48, '02', 'Certificaciones de barrios'),
(49, '02', 'Comprobantes de egresos - rdenes de pago'),
(50, '02', 'Contravenciones comunes de Polica - Amenaza de Ruina'),
(51, '02', 'Convenios Interadministrativos'),
(52, '02', 'Denuncias violencia intrafamiliar'),
(53, '02', 'Evaluaciones de desempeo Laboral'),
(54, '02', 'Impuesto Industria y Comercio'),
(55, '02', 'Informes carrera Docente'),
(56, '02', 'Historiales de alimentos, custodia y visitas'),
(57, '02', 'Inscripciones a EPS'),
(58, '02', 'Inventarios de documentales'),
(59, '02', 'Inventarios Transferencias Documentales'),
(60, '02', 'Legalizacin de Predios'),
(61, '02', 'Licencias de Construccin (obra nueva, ampliacin, adecuacin, desenglobe, reforzamiento, etc)'),
(62, '02', 'Manuales de funciones y competencias, Procedimientos y formatos'),
(63, '02', 'Libros Mayor y Balances'),
(64, '02', 'Permisos intervencin espacio pblico'),
(65, '02', 'Prstamos de documentos'),
(66, '02', 'Programas del sector ambiental'),
(67, '02', 'Ejecuciones presupuestales'),
(68, '02', 'Trmites propiedad horizontal'),
(69, '02', 'Procesos disciplinarios de indagacin preliminar'),
(70, '02', 'Proyectos de inversin municipal'),
(71, '02', 'Querellas por perturbaciones a la posesin y Tenencia de servidumbre'),
(72, '02', 'Recursos de Reposicin'),
(73, '02', 'Registros marca de semovientes'),
(74, '02', 'Transferencias documentales'),
(75, '03', 'Acciones de tutela'),
(76, '03', 'Acciones de nulidad y restablecimiento del derecho'),
(77, '03', 'Actas Comit cobertura'),
(78, '03', 'Certificaciones de estratificacin socioeconmica'),
(79, '03', 'Comprobantes de Declaraciones Tributarias'),
(80, '03', 'Contravenciones comunes de Polica - Obra'),
(81, '03', 'Historiales de vehculos particulares'),
(82, '03', 'Impuesto Predial y complementarios'),
(83, '03', 'Informes de conectividad'),
(84, '03', 'Plan Institucional de Archivos - PINAR'),
(85, '03', 'Licencias de funcionamiento instituciones educativas'),
(86, '03', 'Manual de archivo'),
(87, '03', 'Permisos promocionales'),
(88, '03', 'Plan anual de auditoras'),
(89, '03', 'Procesos Policivos'),
(90, '03', 'PROGRAMA MENSUALIZADO DE CAJA Y BANCO'),
(91, '03', 'Proyectos de vivienda de inters social'),
(92, '03', 'Registro beneficiarios del SISBEN'),
(93, '04', 'Acciones populares'),
(94, '04', 'Acciones de reparacin directa'),
(95, '04', 'Actas Comit de Control Interno'),
(96, '04', 'Certificaciones de existencia de las instituciones educativas'),
(97, '04', 'Contravenciones especiales de Polica'),
(98, '04', 'Historiales de vehculos pblicos'),
(99, '04', 'Impuesto Valorizacin'),
(100, '04', 'Informes Tcnicos Estado infraestructura I. Educativas'),
(101, '04', 'Programa de Gestin Documental - PGD'),
(102, '04', 'Permisos de encerramiento de lotes y limpieza'),
(103, '04', 'Plan de cobertura educativa'),
(104, '04', 'Procesos y procedimientos Gestin Calidad Educativa'),
(105, '04', 'Programas Sistema de gestin y seguridad en el trabajo'),
(106, '05', 'Acciones de repeticin'),
(107, '05', 'Actas Comit de Convivencia Laboral'),
(108, '05', 'Certificaciones de nomenclatura'),
(109, '05', 'Historiales del Parque automotor'),
(110, '05', 'Informes a Entes de Control y Vigilancia'),
(111, '05', 'Tablas de Retencin Documental'),
(112, '05', 'Informes a Entes de control y vigilancia'),
(113, '05', 'Permisos especiales para transitar en moto'),
(114, '05', 'Plan de desarrollo educativo'),
(115, '05', 'Programas de Administracin de pgina web'),
(116, '06', 'Certificaciones de Estudio'),
(117, '06', 'Informes de auditora interna'),
(118, '06', 'Tablas de Valoracin Documental'),
(119, '06', 'Plan de Desarrollo municipal'),
(120, '06', 'Programas de Asistencia Tcnica'),
(121, '07', 'Actas del Comit de Bienestar Laboral'),
(122, '07', 'Certificaciones de Representante Legal de las instituciones educativas'),
(123, '07', 'Informes de Gestin'),
(124, '07', 'INFORMES'),
(125, '07', 'Informes de Geston'),
(126, '07', 'Planes de mejoramiento ambiental'),
(127, '07', 'Programas de promocin y prevencin en salud'),
(128, '08', 'Actas Comit de Calidad'),
(129, '08', 'Certificaciones de residencia'),
(130, '08', 'Informes de Psicologa'),
(131, '08', 'Plan de Ordenamiento Territorial - POT'),
(132, '08', 'Programas del rea econmica'),
(133, '09', 'Actas de Comit de Conciliacin y Defensa Judicial'),
(134, '09', 'Certificaciones de riesgo'),
(135, '09', 'Informes de seguimiento a Planes de accin institucional'),
(136, '09', 'Plan Local de Salud'),
(137, '09', 'Programas Educativos'),
(138, '10', 'Certificaciones de tiempos de servicios'),
(139, '10', 'Informes seguimiento Plan de Desarrollo'),
(140, '10', 'Plan decenal de educacin'),
(141, '10', 'Programas Sociales'),
(142, '11', 'Actas Comit de formacin docentes'),
(143, '11', 'Certificaciones especiales para pensin'),
(144, '11', 'Informes de Trabajo social'),
(145, '11', 'Plan de intervenciones colectivas - PIC'),
(146, '11', 'Programa Alimentacin Escolar - PAE'),
(147, '12', 'Actas Comit Justicia Jurisdiccional'),
(148, '12', 'Certificaciones Laborales y/o Contratistas'),
(149, '12', 'Informes matrices de riesgo'),
(150, '12', 'PLAN FINANCIERO DE TESORERA'),
(151, '13', 'Actas del Comit de Nios, nias y jvenes sobresalientes'),
(152, '13', 'Certificaciones del uso del suelo'),
(153, '13', 'Informes MECI-CALIDAD'),
(154, '13', 'Plan institucional de bienestar e incentivos'),
(155, '13', 'Programas recreativos y Deportivos'),
(156, '14', 'Actas Comit de Orden Pblico'),
(157, '14', 'Certificaciones de retencin en la fuente'),
(158, '14', 'Plan institucional de formacin y capacitacin'),
(159, '15', 'Actas Comit Derechos Humanos, paz y conflicto'),
(160, '15', 'Certificado de valor patrimonial'),
(161, '15', 'Informe seguimiento Plan Anticorrupcin'),
(162, '15', 'Plan Operativo Anual de inversiones - POA'),
(163, '15', 'Plan Operativo anual - POA'),
(164, '16', 'Actas Comit Directivo'),
(165, '16', 'Informe seguimiento avances Plan de Desarrollo'),
(166, '16', 'Plan operativo de inspeccin y vigilancia'),
(167, '17', 'Actas Comit Erradicacin del trabajo infantil - CETI'),
(168, '17', 'Informe se seguimiento PQRSD'),
(169, '17', 'Planes de asistencia tcnica'),
(170, '18', 'Actas Comit Gobierno en lnea'),
(171, '18', 'Informes S.I.A (Sistema Integral de Auditoras)'),
(172, '18', 'Planes locales de deporte, la recreacin y aprovechamiento del tiempo libre'),
(173, '19', 'Actas Comit investigador de incidentes y accidentes de trabajo'),
(174, '20', 'Actas Comit Paritario de Salud y seguridad en el trabajo'),
(175, '21', 'Actas Comit Permanente de estratificacin'),
(176, '22', 'Actas Comit Trata de personas'),
(177, '23', 'Actas Compromiso avance Plan de Accin'),
(178, '24', 'Actas Conminacin (Diligencias policivas)'),
(179, '25', 'Actas Consejo de Ordenamiento Territorial'),
(180, '26', 'Actas Consejo de Poltica Social'),
(181, '27', 'Actas del Consejo municipal de archivo'),
(182, '28', 'Actas del Comit Interno de archivo'),
(183, '29', 'Actas del Consejo Municipal de Desarrollo Rural'),
(184, '30', 'Actas Consejo de seguridad'),
(185, '31', 'Actas Decomisos'),
(186, '32', 'Actas Diligencias (Despachos Comisorios juzgado)'),
(187, '33', 'Actas de entrega a vctimas del conflicto armado y primera infancia'),
(188, '34', 'Actas entrega de documentos'),
(189, '34', 'Actas Junta Defensora de Animales'),
(190, '35', 'Actas del Fondo Educativo'),
(191, '36', 'Actas interventora de obras'),
(192, '38', 'Actas de Patrimonio'),
(193, '39', 'Actas del PIC'),
(194, '40', 'Actas Proyeccin de cupos'),
(195, '41', 'Actas de posesin'),
(196, '42', 'Actas de reuniones'),
(197, '43', 'Actas Comit SIGC-MECI'),
(198, '44', 'Actas Subcomit de Prevencin y garantas de no repeticin (Vctimas del conflicto armado)'),
(199, '45', 'Actas Subcomit Red Explotacin sexual y comercial de nios, nias, adolescentes- ESCNNA'),
(200, '46', 'Actas de vigilancia y control'),
(201, '0', 'NO APLICA');

-- --------------------------------------------------------

--
-- Table structure for table `TIPO_CORRESPONDENCIA`
--

CREATE TABLE `TIPO_CORRESPONDENCIA` (
  `id` int(11) NOT NULL,
  `codigo` varchar(3) COLLATE utf8_unicode_ci NOT NULL,
  `tipo` varchar(60) COLLATE utf8_unicode_ci NOT NULL
) ENGINE=InnoDB DEFAULT CHARSET=utf8 COLLATE=utf8_unicode_ci;

--
-- Dumping data for table `TIPO_CORRESPONDENCIA`
--

INSERT INTO `TIPO_CORRESPONDENCIA` (`id`, `codigo`, `tipo`) VALUES
(1, '01', 'Externa'),
(2, '02', 'Interna');

-- --------------------------------------------------------

--
-- Table structure for table `TIPO_DOCUMENTAL_RETENCION`
--

CREATE TABLE `TIPO_DOCUMENTAL_RETENCION` (
  `id` int(11) NOT NULL,
  `tipo_documental` longtext COLLATE utf8_unicode_ci NOT NULL
) ENGINE=InnoDB DEFAULT CHARSET=utf8 COLLATE=utf8_unicode_ci;

--
-- Dumping data for table `TIPO_DOCUMENTAL_RETENCION`
--

INSERT INTO `TIPO_DOCUMENTAL_RETENCION` (`id`, `tipo_documental`) VALUES
(1, 'Accin Popular'),
(2, 'Acciones correctivas'),
(3, 'Acciones de mejora'),
(4, 'Acciones preventivas'),
(5, 'Acciones preventivas, correctivas y de mejora'),
(6, 'Aceptacin de la invitacin'),
(7, 'Acompaamientos'),
(8, 'Acta'),
(9, 'Acta aprobacin de plizas'),
(10, 'Acta de apertura de propuestas'),
(11, 'Acta de aprobacin de plizas'),
(12, 'Acta de audiencia de apertura de sobre econmico'),
(13, 'Acta de audiencia de subasta inversa'),
(14, 'Acta de cierre y presentacin de propuestas'),
(15, 'Acta de cierre ypresentacin de propuestas'),
(16, 'Acta de conformacin'),
(17, 'Acta de diligencia'),
(18, 'Acta de finalizacin'),
(19, 'Acta de finalizacin y liquidacin'),
(20, 'Acta de grado'),
(21, 'acta de grado de licenciado'),
(22, 'Acta de iniciacin'),
(23, 'Acta de inicio'),
(24, 'Acta de inicio convenio'),
(25, 'Acta de inicio y de finalizacin - liquidacin'),
(26, 'Acta de perfeccionamiento'),
(27, 'Acta de posesin'),
(28, 'Acta de posesin (encargo y/o nombramiento)'),
(29, 'acta de posgrado autenticada'),
(30, 'acta de pregrado'),
(31, 'Acta de visita de viabilidad'),
(32, 'Acta de visita para constatar inversin'),
(33, 'Acta de visita para establecer sostenibilidad'),
(34, 'Acta entrega disposicin del producto'),
(35, 'Acta final o de liquidacin'),
(36, 'Acta inspeccin ocular'),
(37, 'Acta Junta directiva'),
(38, 'Acta Visita'),
(39, 'Acta y anexos'),
(40, 'Actas'),
(41, 'Actas (decomiso y/o incautacin)'),
(42, 'Actas comisin diferentes dependencias'),
(43, 'Actas Comit de obra'),
(44, 'Actas de asambleas realizadas'),
(45, 'Actas de compromiso'),
(46, 'Actas de cumplimiento'),
(47, 'Actas de diferentes Comits'),
(48, 'Actas de embargos y secuestros'),
(49, 'Actas de entrega'),
(50, 'Actas de entrega de insumos'),
(51, 'Actas de liquidacin'),
(52, 'Actas de modificacin, parcial, suspensin y otras'),
(53, 'Actas de recibo final'),
(54, 'Actas de Restitucin'),
(55, 'Actas de reunin, concertacin, visita, entrega de elementos y/o donacin'),
(56, 'Actas de reuniones'),
(57, 'Actas de seguimiento'),
(58, 'Actas de visita'),
(59, 'Actas de visita a instituciones educativas'),
(60, 'Actas de visita y/o asistencia tcnica'),
(61, 'Actas de visitas y seguimiento'),
(62, 'Actas generales por tipos de establecimientos: Piscina, Spa, tiendas naturistas, taiwanes, cementerio, funerarias, centros esotricos, plaguicidas, EPS, laboratorios dentales y clnicos Pegir, tabacos, hogares geritricos'),
(63, 'Acto administrativo'),
(64, 'Acto administrativo de retiro forzoso'),
(65, 'Acto administrativo de retiro o desvinculacin del servidor de la entidad en el que consten las razones del mismo: supresin del cargo, insubsistencia, destitucin, aceptacin de renuncia al cargo, terminacin del contrato'),
(66, 'Acto administrativo de trabajo'),
(67, 'Acto administrativo reconocimiento de pensin'),
(68, 'Actos administrativos convalidacin TVD Consejo Deptal. De archivos'),
(69, 'Actos administrativos de adopcin de TRD - Admn municipal'),
(70, 'Actos administrativos de adopcin TVD-admn. muncipal.'),
(71, 'Actos administrativos de aval TRD- Comit'),
(72, 'Actos administrativos de aval TVD - Comit'),
(73, 'Actos administrativos de convalidacin del Consejo Deptal. De archivos'),
(74, 'Actos administrativos de nombramiento de los firmante del convenio'),
(75, 'Actos administrativos de nombramiento, encargos, de comisin, de vacaciones, de licencias, incapacidades, asignacin de funciones, encargos, aceptacin de renuncia o destitucin'),
(76, 'Actos administrativos de posesin firmantes del convenio'),
(77, 'Actos administrativos generados'),
(78, 'Actos administrativos que sealen las situaciones administrativas del funcionario: vacaciones, licencias, comisiones, ascensos, traslados, encargos, permisos, ausencias temporales, inscripcin en carrera administrativa, suspensiones de contrato, pago de prestaciones entre otros.'),
(79, 'Actos administrativos: Poltica de seguridad y salud en el trabajo; Reglamento de higiene y seguridad'),
(80, 'Actuaciones'),
(81, 'Actualizacin de datos personales'),
(82, 'Actualizacin novedad financiera y retiro'),
(83, 'Acuerdo municipal de presupuesto'),
(84, 'Acuerdos de pago'),
(85, 'Adendas'),
(86, 'Administrativos'),
(87, 'Admisin de la tutela'),
(88, 'Admisin demanda'),
(89, 'Afiliaciones al sindicato, cooperativas.'),
(90, 'Afiliaciones al sistema de seguridad social'),
(91, 'Alegatos'),
(92, 'Alegatos conclusin'),
(93, 'Alegatos de conclusin'),
(94, 'Anslis prueba SABER'),
(95, 'Anexo de operacin activa'),
(96, 'Anexos'),
(97, 'anexos invitacin'),
(98, 'Antecedentes de polica'),
(99, 'antecedentes Procuradura y Contralora'),
(100, 'Aprobacin de plizas'),
(101, 'Articulacin con la media'),
(102, 'Ascenso categor catorce'),
(103, 'Ascenso tiempo de servicios'),
(104, 'Audiencia para precisar el contenido y alcance del pliego de condiciones definitivo y asignacin de riesgos'),
(105, 'Audiencias: citacin, notificacin, fallo'),
(106, 'Auditora de calidad'),
(107, 'Auto'),
(108, 'Auto avoca'),
(109, 'Auto de apertura historia'),
(110, 'Auto de evaluacin'),
(111, 'Auto de trmite y sustancin'),
(112, 'Auto respectivo'),
(113, 'Autoevaluacin institucional'),
(114, 'Autoliquidaciones de aportes'),
(115, 'Autorizacin'),
(116, 'Autorizacin del dueo del predio'),
(117, 'Autorizacin del Tesorero'),
(118, 'Autorizacin para contratar de conformidad con los estatutos'),
(119, 'Autos de prescripcin'),
(120, 'Aviso de convocatoria'),
(121, 'Balance general del ltimo ao y/o declaracin de renta de los ltmos tres aos'),
(122, 'Base de croquis'),
(123, 'Boletas de citacin'),
(124, 'Boletn'),
(125, 'BOLETN ESTADSTICO'),
(126, 'Caducidad'),
(127, 'Cmara de Comercio'),
(128, 'Cmara de Comercio y/o certificado de libertad y tradicin'),
(129, 'Cancelacin inscripcin'),
(130, 'Caracterizaciones'),
(131, 'Carn escolar'),
(132, 'Carnt Salud'),
(133, 'Carta aceptacin de cargo'),
(134, 'Carta de la empresa'),
(135, 'Carta de presentacin propuesta y propuesta tcnico-econmica'),
(136, 'Carta del Consejo Nacional de Arquitectura'),
(137, 'Carta solicitud de documentos que dejan a disposicin'),
(138, 'Cartillas, folletos'),
(139, 'Cdulas de los propietarios'),
(140, 'Certificacin'),
(141, 'Certificacin bancaria expedida por la entidad financiera'),
(142, 'Certificacin de crditos para escalafn docente'),
(143, 'Certificacin de inscripcin'),
(144, 'Certificacin de inscripcin al Banco de Proyecos'),
(145, 'Certificacin Junta Accional comunal - tiempo'),
(146, 'Certificacin mdica pre-ocupacional conforme a los estipulado en el inciso segundo del artculo 18 del Dec. 0723/13'),
(147, 'Certificacin que garantice que la entidad posee el recurso humano solicitado en el presente documento-hoja de vida'),
(148, 'Certificacin Talento Humano de la no existencia de personal'),
(149, 'Certificaciones'),
(150, 'Certificaciones afectaciones viales'),
(151, 'certificaciones de crditos para ascenso'),
(152, 'Certificaciones de estudio'),
(153, 'Certificaciones de rendimientos financieros'),
(154, 'Certificaciones de riesgo del barrio'),
(155, 'Certificaciones laborales del fiador'),
(156, 'Certificado'),
(157, 'Certificado Cmara de Comercio - empresa'),
(158, 'Certificado Cmara de Comercio (persona jurdica)'),
(159, 'Certificado curso y factura'),
(160, 'Certificado de 40 horas en Administracin Deportiva'),
(161, 'Certificado de antecedentes disciplinarios'),
(162, 'Certificado de antecedentes disciplinarios-Procuradura'),
(163, 'Certificado de antecedentes fiscales'),
(164, 'Certificado de antecedentes fiscales - Contralora'),
(165, 'Certificado de aptitud laboral - Examen mdico ingreso'),
(166, 'Certificado de ausencia de inhabilidades e incompatibilidades'),
(167, 'Certificado de ausencia de inhabilidades e incompatiblidades'),
(168, 'Certificado de defuncin'),
(169, 'Certificado de disponibilidad presupuestal'),
(170, 'Certificado de disponibilidad presupuestal - CDP'),
(171, 'Certificado de empadronamiento o aduana'),
(172, 'Certificado de estudios mayores de 12 aos'),
(173, 'Certificado de existencia y representacin legal'),
(174, 'Certificado de existencia y representacin legal (personas jurdicas)'),
(175, 'Certificado de idoneidad (expedido por el ordenador del gasto)'),
(176, 'Certificado de idoneidad Contrato'),
(177, 'Certificado de impuesto predial'),
(178, 'Certificado de incripcin registro-actualizacin'),
(179, 'Certificado de inspeccin o corregidor de ubicacin de los semovientes'),
(180, 'Certificado de inspeccin y vigilancia y control de la entidad contratante (persona jurdica)'),
(181, 'Certificado de la prueba SABER 11o.'),
(182, 'Certificado de libertad y tradicin'),
(183, 'Certificado de libertad y tradicin del bien'),
(184, 'Certificado de notas'),
(185, 'Certificado de polcia'),
(186, 'Certificado de Polica Nacional'),
(187, 'Certificado de recibido a satisfaccin'),
(188, 'Certificado de Registro presupuestal - CRP'),
(189, 'Certificado de sanidad concepto favorable de salud'),
(190, 'Certificado de Ser Ambiental'),
(191, 'Certificado de supervisin del contrato'),
(192, 'Certificado de viabilidad del Banco de Proyectos (Si el gasto es de inversin) y ficha EBI'),
(193, 'Certificado de viabilidad del Banco de proyectos (si el gasto es de inversin) y ficha EBI (medio magntico)'),
(194, 'Certificado del curso de sensibilizacin'),
(195, 'Certificado del MEM sobre cmo elaborar el PEI'),
(196, 'Certificado disponibilidad presupuestal'),
(197, 'Certificado disponibilidad presupuestal - CDP'),
(198, 'Certificado judicial - Polica'),
(199, 'Certificado presupuestal'),
(200, 'Certificado uso del suelo'),
(201, 'Certificados de estudio'),
(202, 'CertificadoS de idonedad del MEN'),
(203, 'Cierre presupuestal'),
(204, 'Circular de invitacin a capacitacin'),
(205, 'Circulares invitacin a eventos programados'),
(206, 'Citacin'),
(207, 'Citacin a transportadores y/o agentes de trnsito'),
(208, 'Citacin correo electrnico'),
(209, 'Citaciones'),
(210, 'CNSC-Plataforma Humano'),
(211, 'Comparendo'),
(212, 'Comparendos'),
(213, 'Comprobante'),
(214, 'comprobante de egreso'),
(215, 'COMPROBANTES'),
(216, 'Comprobantes de egreso'),
(217, 'Comprobantes de traspasos'),
(218, 'Comunicacin cancelacin cuenta'),
(219, 'Comunicacin de respuesta'),
(220, 'Comunicacin reporte accidente de trabajo'),
(221, 'Comunicacin respuesta'),
(222, 'Comunicacion solicitud matrcula inmobiliaria'),
(223, 'Comunicaciones'),
(224, 'Comunicaciones a la Contralora'),
(225, 'Comunicaciones al MinIsterio de Educacin Nacional'),
(226, 'Comunicaciones apertura cuenta'),
(227, 'Comunicaciones de envo'),
(228, 'Comunicaciones de recibo y envo'),
(229, 'Comunicaciones de remisin a Planeacin'),
(230, 'Comunicaciones de respuesta a PQRSD'),
(231, 'Comunicaciones de solicitud informacin'),
(232, 'Comunicaciones del caso'),
(233, 'Comunicaciones por cobro coactivo'),
(234, 'Comunicaciones por procesos de fiscalizacin'),
(235, 'Comunicaciones recibidas'),
(236, 'Comunicaciones sobre horas extras'),
(237, 'Conceptos de obra escrita aprobada por el Comit'),
(238, 'Conciliacin'),
(239, 'Conciliaciones'),
(240, 'Conclusin'),
(241, 'Condiciones para contratar'),
(242, 'Consecutivo de resoluciones'),
(243, 'Consginacin'),
(244, 'Consignacin'),
(245, 'Consignacin Devolucin rendimientos'),
(246, 'Consignacin original del banco'),
(247, 'Consolidado plan de capacitacin'),
(248, 'Constancia de afiliacin y/o pago a riesgos profesionales'),
(249, 'Constancia de autorizacin'),
(250, 'Constancia Secretarial'),
(251, 'Constancias de afiliacin y pago de aportes al sistema de seguridad social y a riesgos profesionales'),
(252, 'Construccin del plan'),
(253, 'Contenidos de pgina web'),
(254, 'Contestacin'),
(255, 'Contestacin de la demanda'),
(256, 'Contractual: Contrato o convenio, plizas, actas de inicio'),
(257, 'Contrato'),
(258, 'Contratos - copias'),
(259, 'Contratos por concurso de mritos y Licitacin Pblica'),
(260, 'Contratos por menor cuanta'),
(261, 'Contratos por mnima cuanta'),
(262, 'Contratos por subasta inversa'),
(263, 'Contratos prestacin de servicios'),
(264, 'Control y seguimiento'),
(265, 'Convenio'),
(266, 'Convocatoria'),
(267, 'Copia de pagos cuotas'),
(268, 'Copia del acta -comit de archivo (aprobacin)'),
(269, 'Copia del acta del Comit de Archivo - aprobacin'),
(270, 'Copia del acto administrativo de adopcin'),
(271, 'copia del contrato'),
(272, 'Copia del Decreto municipal sobre Planta'),
(273, 'Copia del SOAT'),
(274, 'Copia modelos de contratos'),
(275, 'Copia reglamento de propiedad horizontal'),
(276, 'Copia RUT'),
(277, 'Crecimiento y desarrollo'),
(278, 'Crditos Fondo de Solidaridad Microempresarios'),
(279, 'Cronograma'),
(280, 'Cronograma de actividades'),
(281, 'Cronograma de transferencias'),
(282, 'Cuadro control consecutivo'),
(283, 'Cuadro control de consecutivo'),
(284, 'Cuadro de asistencia'),
(285, 'Cuentas bancarias'),
(286, 'Datacrdito'),
(287, 'Declaracin'),
(288, 'Declaracin de bienes y rentas'),
(289, 'Declaracin de renta'),
(290, 'Declaracin de Retencin en la fuente'),
(291, 'Declaracin de Retencin IVA'),
(292, 'Declaracin extrajuicio unin libre'),
(293, 'Declaracin tirbutaria'),
(294, 'Declaraciones o testimonios'),
(295, 'Decreto creacin Banco de la Excelencia'),
(296, 'Decreto Legalizacin'),
(297, 'Decretos'),
(298, 'Delegacin para hacer seguimiento a obras'),
(299, 'Demanda'),
(300, 'Denuncio'),
(301, 'Desacato'),
(302, 'Descargos'),
(303, 'Descripcin planta fsica'),
(304, 'Designacin Comits, gerente proyecto y supervisor'),
(305, 'Designacin comits, gerentes proyectos y supervisor'),
(306, 'Despacho comisorio'),
(307, 'Diagnsticos documentales'),
(308, 'Diligencias previas'),
(309, 'Disponiblidad presupuestal'),
(310, 'Docentes nuevos'),
(311, 'Documentacin de la Junta'),
(312, 'Documento de identidad'),
(313, 'Documento de identidad del representante legal'),
(314, 'Documento de identidad del solicitante y del fiador'),
(315, 'Documento de identificacin'),
(316, 'Documento que acredite que el representante legal est facultado para contratar (persona jurdica)'),
(317, 'Documentos cobro coativo'),
(318, 'Documentos contractuales'),
(319, 'Documentos de identidad'),
(320, 'Documentos de identidad del solicitante y del grupo familiar'),
(321, 'Documentos de identidad miembros del Consejo de Administracin Actas de Asambleas'),
(322, 'Documentos de legalizacin del convenio'),
(323, 'Documentos de los padres'),
(324, 'Documentos del contratista para su legalizacin'),
(325, 'Documentos del contraventor o propietario del vehculo'),
(326, 'Documentos del menor'),
(327, 'Documentos del solicitante y del vehculo'),
(328, 'Documentos del vehculo'),
(329, 'Documentos poscontractuales'),
(330, 'Documentos precontractuales'),
(331, 'Documentos Tcnicos'),
(332, 'Dos fotografas de la fachada'),
(333, 'Ejecucin pasiva'),
(334, 'Ejecucin: informes tcnicos, informes de interventora, registros fotogrficos, Certificado de avance de obra'),
(335, 'Eleccin de representantes'),
(336, 'Encuestas'),
(337, 'Encuestas Auditora de calidad'),
(338, 'Entrevista'),
(339, 'Epicrisis'),
(340, 'Escrituras'),
(341, 'Estadstica mensual de ausentismo'),
(342, 'Estado de situacin financiera econmica y social'),
(343, 'Estatutos'),
(344, 'Estrategias'),
(345, 'Estudio de conveniencia o concepto tcnico'),
(346, 'Estudio predial: Certificado de libertad, escritura, avalo y uso del suelo'),
(347, 'Estudio tcnico del MEN'),
(348, 'Estudio tcnico-levantamiento topogrfico'),
(349, 'Estudios de suelo y estructural'),
(350, 'Estudios previos'),
(351, 'Estudios previos y anexos'),
(352, 'Estudios tcnicos: Levantamiento topogrfico, desenglobe, proyecto urbanstico, viabilidad de servicios de agua y luz, licencia de urbanizacin y construccin'),
(353, 'Esudios previos'),
(354, 'Esudios previos y anexos'),
(355, 'Evaluacin'),
(356, 'Evaluacin de desempeo'),
(357, 'Evaluacin de desempeo (formato de informacin general, acuerdo de compromisos laborales, acuerdo de compromisos comportamentales, registro portafolio de evidencias, evaluaciones parciales, eventuales y extraordinarias'),
(358, 'Evaluacin de desempeo de docentes'),
(359, 'Evaluacin de la propuesta'),
(360, 'Evaluacin de las capacitaciones'),
(361, 'Evidencias'),
(362, 'Evidencias de capacitacin'),
(363, 'Evidencias del desarrollo de programas con enfoque social'),
(364, 'Evidencias del desarrollo del programa con enfoque econmico'),
(365, 'Evidencias documentales de las diferentes campaas de promocin y prevencin'),
(366, 'Evidencias fotogrficas'),
(367, 'Examen'),
(368, 'Examen mdico de ingreso'),
(369, 'Experiencia laboral'),
(370, 'Experiencias significativas-Foro Educativo'),
(371, 'Extracto del banco y/o estado de cuenta'),
(372, 'Extractos bancarios'),
(373, 'Factura'),
(374, 'Factura o cuenta de cobro'),
(375, 'Factura original'),
(376, 'Fallo'),
(377, 'Fallo de segunda instancia'),
(378, 'Fallo segunda instancia'),
(379, 'Ficha EBI'),
(380, 'Ficha tcnica de indicadores - Tutelas - PQR'),
(381, 'Ficha tcnica producto no conforme'),
(382, 'Fichas de clasificacin socioeconmicas'),
(383, 'Flujo de comunicaciones'),
(384, 'Flujo de fondos'),
(385, 'Flujo de informacin'),
(386, 'Formato apertura de historia'),
(387, 'Formato de apelacin'),
(388, 'Formato de apertura de historia'),
(389, 'Formato de Evaluacin'),
(390, 'Formato de liquidacin'),
(391, 'Formato de salida vehculo'),
(392, 'Formato de solicitud'),
(393, 'Formato del fiador'),
(394, 'Formato Hoja de vida'),
(395, 'Formato invesigacin accidente de trabajo'),
(396, 'Formato matriz de marco lgico'),
(397, 'Formato para codeudor'),
(398, 'Formato solicitud de crdito'),
(399, 'Formato nico de bienes'),
(400, 'Formato nico de bienes y rentas (si se requiere)'),
(401, 'Formato nico de hoja de vida de la funcin pblica'),
(402, 'Formato nico de hoja de vida funcin pblica'),
(403, 'Formato visita a institucin o centro educativo'),
(404, 'Formatos'),
(405, 'Formatos de contrato del arrendador -arrendatario'),
(406, 'Formatos distribucin de presupuesto ingresos y gastos'),
(407, 'Formatos verificacin comedores escolares PAE'),
(408, 'Formatos verificacin de gramajes'),
(409, 'Formatos verificacin para bodega'),
(410, 'Formulario de estratificacin'),
(411, 'Formulario estratificacin cabecera municipal tipo 1'),
(412, 'Formulario respectivo - diligenciado'),
(413, 'Formulario solicitud de crdito'),
(414, 'Formulario solicitud de trmite'),
(415, 'Formulario solicitud de trmite y anexos'),
(416, 'Formulario nico'),
(417, 'Formulario nico de afiliacin y novedades EPS'),
(418, 'Formularios de los diferentes trmites'),
(419, 'Fotocopia de certificaciones'),
(420, 'fotocopia de la tarjeta profesional'),
(421, 'Fotocopia de la tarjeta profesional (de ser necesario)'),
(422, 'fotocopia de la ltima resolucin de ascenso'),
(423, 'Fotocopia de licencias anteriores'),
(424, 'Fotocopia del certificado de antecedentes profesionales'),
(425, 'Fotocopia del certificado de libertad y tradicin'),
(426, 'fotocopia del diploma'),
(427, 'Fotocopia del documento de identidad'),
(428, 'Fotocopia del documento de identidad de los padres'),
(429, 'Fotocopia del documento de identidad del contratista o del representante legal'),
(430, 'Fotocopia del documento de identidad del representante'),
(431, 'Fotocopia del documento de identidad del solicitante'),
(432, 'Fotocopia del recibo de consignacin primera solicitud'),
(433, 'Fotocopia del recibo de un servicio pblico donde reside el menor'),
(434, 'fotocopia del registro civil'),
(435, 'Fotocopia del registro de informacin tributaria-RIT'),
(436, 'Fotocopia documentos de identidad del comprador'),
(437, 'Fotocopia respuesta primera instancia'),
(438, 'Fotocopia SISBEN'),
(439, 'Fotocopia tarjetas profesionales'),
(440, 'Fotocopias del impuesto predial'),
(441, 'Fotocopias documentos de identidad grupo familiar'),
(442, 'Fotocopias documentos de identidad usuarios'),
(443, 'Fotografa de la fachada (Si es para uso del suelo comercial)'),
(444, 'Fotopia del documentos de identidad'),
(445, 'Fuentes de financiacin'),
(446, 'Gaceta'),
(447, 'Garantas (Plizas)'),
(448, 'Garantas del convenio'),
(449, 'Grado de efectividad de las capacitaciones'),
(450, 'Gua'),
(451, 'Gua para las transferencias'),
(452, 'Guas'),
(453, 'Guas de aplicacin TRD'),
(454, 'Guas para correo'),
(455, 'Guas y formatos para la presentacin de informes'),
(456, 'Hallazgos'),
(457, 'Historias laborales Docentes (MEN)'),
(458, 'Hoja de datos con foto'),
(459, 'Hoja de ruta'),
(460, 'hoja de vida'),
(461, 'Hoja de vida - formato nico funcin pblica'),
(462, 'Hoja de vida con foto'),
(463, 'Hojas de vida'),
(464, 'Improntas'),
(465, 'Indicadores'),
(466, 'Indicadores de Gestin'),
(467, 'Informacin Exgena'),
(468, 'Informe'),
(469, 'Informe Comit evaluador'),
(470, 'Informe consolidado al final de perodo o vigencia'),
(471, 'Informe de actividades'),
(472, 'Informe de actividades y soportes'),
(473, 'Informe de alimentos ICBF'),
(474, 'Informe de desempeo del SIGC municipio de Girardot'),
(475, 'Informe de ejecucin presupuestal activa y pasiva'),
(476, 'informe de evaluacin'),
(477, 'Informe de formularios avalados'),
(478, 'Informe de gestin'),
(479, 'Informe de PQRSD'),
(480, 'Informe ejecucin'),
(481, 'Informe ejecutivo'),
(482, 'Informe final'),
(483, 'Informe psicosocial'),
(484, 'Informe secretarial'),
(485, 'Informe supervisor contrato'),
(486, 'Informe supervisor del contrato'),
(487, 'Informe visita tcnica'),
(488, 'Informe visitas y/o asistencia a IPS'),
(489, 'Informes'),
(490, 'Informes consolidados al final de perodos o vigencias'),
(491, 'Informes de actividades'),
(492, 'Informes de actividades y soportes'),
(493, 'Informes de avance'),
(494, 'Informes de Geston'),
(495, 'Informes de interventora'),
(496, 'Informes de supervisin'),
(497, 'Informes del sistema'),
(498, 'Informes del supevisor'),
(499, 'Informes parciales de gestin'),
(500, 'Informes y controles de seguimiento al sistema de atencin de PQRSD'),
(501, 'Ingresos'),
(502, 'Ingresos y retenciones'),
(503, 'Inscripcin'),
(504, 'Inspeccin Ocular'),
(505, 'Inventario'),
(506, 'Inventario de equipos de cmputo'),
(507, 'Inventario del vehculo'),
(508, 'Inventario fsico'),
(509, 'Inventario recibo del vehculo inmovilizado'),
(510, 'Inventarios documentales'),
(511, 'Inventarios documentales de transferencia'),
(512, 'Inventarios documentales del archivo Central'),
(513, 'Inventarios por dependencias (SINFA)'),
(514, 'Invitacin a presentar propuesta'),
(515, 'invitaciones'),
(516, 'Justificacin'),
(517, 'Justificacin del proyecto'),
(518, 'La entidad sin nimo de lucro debe estar inscrita en el libro de personas sin nimo de lucro de la Cmara de Comercio'),
(519, 'Liberaciones de CDP - CRP'),
(520, 'Libreta militar (hombres menores de 50 aos)'),
(521, 'Libro auxiliar de bancos'),
(522, 'Libro radicador de devoluciones y entrega'),
(523, 'Licencia'),
(524, 'Licencia de conduccin'),
(525, 'Licencia de Construccin'),
(526, 'Licencia de propiedad'),
(527, 'Licencia urbanstica'),
(528, 'Liquidacin convenio'),
(529, 'Liquidacin de pago cuota'),
(530, 'liquidacin horas extras-administrativos'),
(531, 'Liquidacin impuesto'),
(532, 'Liquidacin impuesto (Extracto)'),
(533, 'Liquidacin y consignacin rendimientos financieros'),
(534, 'Lista de chequeo'),
(535, 'Lista de participantes'),
(536, 'Listado asistentes'),
(537, 'Listado beneficiarios'),
(538, 'Listado de asistencia'),
(539, 'Listado de asistentes'),
(540, 'Listado de deportistas y documentacin de cada deportista'),
(541, 'Listado de participantes'),
(542, 'Listado maestro de documentos y registros'),
(543, 'Listados de asistencia'),
(544, 'Listados de asistencia a reuniones o eventos'),
(545, 'Listados de asistencias'),
(546, 'Listados de participantes'),
(547, 'Mandamiento de pago'),
(548, 'Manual de calidad'),
(549, 'Matrices de comunicacin e informacin'),
(550, 'Matrices de riesgo de gestin y anticorrupcin'),
(551, 'Matrices de riesgos'),
(552, 'Matrcula inmobiliaria objeto de la solicitud'),
(553, 'Matriz de marco lgico'),
(554, 'Matriz de Requisitos Legales y Matriz de Identificacin y Evaluacin de Riesgos'),
(555, 'Matriz de riesgos'),
(556, 'Matriz de valoracin riesgo de gestin'),
(557, 'Matriz o plan de mejoramiento'),
(558, 'Matriz Plan de accin'),
(559, 'Medida de proteccin'),
(560, 'Memorial'),
(561, 'memorias de clculo'),
(562, 'Metas y recursos'),
(563, 'Modificaciones presupuestales'),
(564, 'NMINA'),
(565, 'Nmina Administrativa'),
(566, 'Nmina de Docentes'),
(567, 'Nmina directivos docentes'),
(568, 'Nmina total de planta'),
(569, 'Nminas mensual'),
(570, 'Normograma'),
(571, 'Notas crdito'),
(572, 'Notas dbito'),
(573, 'Notificacin'),
(574, 'Notificacin acto administrativo'),
(575, 'Notificacin al agresor'),
(576, 'Notificacin y traslado'),
(577, 'Notificaciones'),
(578, 'Novedades de nmina financieras'),
(579, 'Novedades de nmina horas extras'),
(580, 'Novedades de nmina: Libranzas, embargos, reporte de horas extras, renuncias, ingresos, vacaciones reubicaciones entre otras'),
(581, 'Novedades nmina personal'),
(582, 'Observaciones al al informe de Comit evaluador y/o subsanabilidad de documentos'),
(583, 'Observaciones al informe de Comit Evaluador y/o subsanabilidad de documentos'),
(584, 'Observaciones al proyecto de pliego de condiciones'),
(585, 'Observaciones el proyecto de pliego de condiciones'),
(586, 'Observaciones evaluacin'),
(587, 'Observaciones y/o aclaraciones al pliego definitivo'),
(588, 'Obsevaciones y/o alcaraciones al pliego definitivo'),
(589, 'Oficio de impugnacin'),
(590, 'Oficio de notificacin del nombramiento o contrato de trabajo'),
(591, 'Oficio designacin del supervisor'),
(592, 'Oficio DNP sobre el monto y distribucin'),
(593, 'Oficio remisorio a contratacin'),
(594, 'Oficio remisorio a la Registradura'),
(595, 'Oficio remisorio contratacin'),
(596, 'Oficio remitido a contratacin'),
(597, 'Oficios a entes de control: Fiscala, Polica, ICBF, Medicina Legal'),
(598, 'Oficios de embargos'),
(599, 'Orden de matrcula'),
(600, 'orden de pago'),
(601, 'Orientacin Psicolgica'),
(602, 'Otros pagos con sus respectivos soportes'),
(603, 'Pagar'),
(604, 'Pagar Fosomi'),
(605, 'Pagars'),
(606, 'Pago aportes salud, pensin y ARL'),
(607, 'Pago de impuesto con sello del banco'),
(608, 'Pago derecho permiso'),
(609, 'Pantallazo RUN'),
(610, 'PASANTAS'),
(611, 'Paz y salvo'),
(612, 'Paz y Salvos (Constancia)'),
(613, 'Peritajes tcnicos'),
(614, 'Permiso'),
(615, 'Permiso de ocupacin'),
(616, 'Peticiones, quejas y reclamos de los ciudadanos'),
(617, 'Peticiones, quejas, reclamos, solicitudes y demandas de los ciudadanos'),
(618, 'Peticiones, quejas, reclamos, solicitudes, demandas de los ciudadanos'),
(619, 'Plan'),
(620, 'Plan anticorrupcin y atencin al ciudadano'),
(621, 'Plan de accin'),
(622, 'Plan de accin general'),
(623, 'Plan de apoyo al mejoramiento - PAM'),
(624, 'Plan de atencin y prevencin de desastres'),
(625, 'Plan de bienestar'),
(626, 'Plan de compras'),
(627, 'Plan de desarrollo educativo'),
(628, 'Plan de Desarrollo municipal'),
(629, 'Plan de formacin y capacitacin'),
(630, 'Plan de mejoramiento - avances'),
(631, 'Plan de mejoramiento institucional - PMI'),
(632, 'Plan de pagos'),
(633, 'Plan Educativo institucional - PEI'),
(634, 'Plan territorial de formacin de docentes'),
(635, 'Planes'),
(636, 'Planes de accin'),
(637, 'Planes de mejoramiento'),
(638, 'Planes de mejoramiento - avances'),
(639, 'Planilla asistencia'),
(640, 'Planilla de asistencia'),
(641, 'Planilla de control prstamos de documentos'),
(642, 'Planillas control de suministro'),
(643, 'planillas de asistencia'),
(644, 'Planillas de asistencia capacitacin aplicacin TRD'),
(645, 'Planillas de control de entrega y recibo de comunicaciones oficiales'),
(646, 'Planos'),
(647, 'Planos de legalizacin'),
(648, 'Planos del inmueble'),
(649, 'Planos propiedad horizontal'),
(650, 'Pliego de condiciones definitivo'),
(651, 'Poder representacin legal'),
(652, 'Poderes autenticados'),
(653, 'Poltica pblica de infancia y adolescencia'),
(654, 'polticas de gestin'),
(655, 'Polticas de Operacin'),
(656, 'Plizas'),
(657, 'Plizas de garanta'),
(658, 'Plizas de seguro (cumplimiento y responsabilidad contractual)'),
(659, 'Plizas de seguros'),
(660, 'posgrado autenticado para mejoramiento acadmico (si el ascenso es por estudios)'),
(661, 'Pre informe'),
(662, 'Prescripciones'),
(663, 'Presentacin de recursos'),
(664, 'Presupuesto del plan'),
(665, 'Presupuesto financiero del proyecto'),
(666, 'Procedimientos'),
(667, 'Proceso de ventas o adjudicaciones'),
(668, 'Procesos ejecutivo - coactivo'),
(669, 'Producto no conforme'),
(670, 'Programa'),
(671, 'PROGRAMA ANUAL DE CAJA - PAC'),
(672, 'Programas'),
(673, 'Programas de Gobierno municipal'),
(674, 'Programas de los cursos u ofertas'),
(675, 'Programas educativos'),
(676, 'Propuesta econmica con la identificacin y desagregacin de la contrapartidad del asociado la cofinanciacin de los aportes del municipio'),
(677, 'Propuestas'),
(678, 'Propuestas y anexos'),
(679, 'Proyecto de acuerdo'),
(680, 'Proyecto de inversin'),
(681, 'Proyecto de pliego de condiciones (Borrador)'),
(682, 'Prueba de archivo'),
(683, 'Prueba de calidad'),
(684, 'Prueba de embriaguez'),
(685, 'Prueba existencia personera jurdica'),
(686, 'Pruebas'),
(687, 'Pruebas de posesin'),
(688, 'Pruebas documentales'),
(689, 'Pruebas documentales de posesin'),
(690, 'Publicacin listas de habilitados'),
(691, 'Querella'),
(692, 'Recibo consignacin'),
(693, 'Recibo de caja con sello del banco'),
(694, 'Recibo de pago'),
(695, 'Recibo de pago de los diferentes trmites'),
(696, 'Recibo de pago original - Hacienda'),
(697, 'Recibo pago impuesto predial'),
(698, 'Recibo pago universal'),
(699, 'Recibo servicio pblico'),
(700, 'Recibo universal de Hacienda con sello del banco'),
(701, 'Recibo universal Hacienda con sello del banco'),
(702, 'Recibo y/o paz y salvo de Sayco y Acinpro'),
(703, 'Recibos de pago de comparendo y parqueadero'),
(704, 'Recibos oficiales de pago tributario'),
(705, 'Recomendaciones personal y comercial'),
(706, 'Reconocimiento: Actas de nombramiento Consejo de Admn Aceptacin cargos'),
(707, 'Record'),
(708, 'Recurso de reposicin declaratoria desierta'),
(709, 'Recurso reposicin acto administrativo que declara desierto'),
(710, 'Recursos'),
(711, 'Recursos fsicos'),
(712, 'Recursos humanos'),
(713, 'Registro ante Mincultura'),
(714, 'Registro Civil'),
(715, 'Registro de asistencia de usuarios'),
(716, 'Registro de beneficiarios'),
(717, 'Registro de entrega de comunicaciones radicadas'),
(718, 'Registro de obra del Ministerio del Interior'),
(719, 'Registro fotogrfico'),
(720, 'Registro fotogrfico del inmueble'),
(721, 'Registro fotogrficos'),
(722, 'Registro presupuestal'),
(723, 'Registro pruebas SABER 11o.'),
(724, 'Registro pblico de carrera docente (Virtual)'),
(725, 'Registro vecindario'),
(726, 'REGISTRO Y CONTROL DE COMUNICACIONES OFICIALES'),
(727, 'Registros de materiales empleados en campaas'),
(728, 'Reglamento propiedad horizontal'),
(729, 'Remisin querella (Juzgado - Alcalda)'),
(730, 'Reporte accidente de trabajo-FUAT'),
(731, 'Reporte de accidente'),
(732, 'Reporte iniciacin'),
(733, 'Reporte mensual de PQR'),
(734, 'Reporte vacantes OPEC'),
(735, 'Reportes accidentes de trabajo'),
(736, 'Repuesta al recurso'),
(737, 'Requerimientos'),
(738, 'Resolucin'),
(739, 'Resolucin - Matrcula inmobiliaria'),
(740, 'Resolucin aplicacin descuento'),
(741, 'Resolucin Comit del plan'),
(742, 'Resolucin costos vacantes'),
(743, 'Resolucin de adjudicacin'),
(744, 'Resolucin de adjudicacin o declaratoria desierta'),
(745, 'Resolucin de apertura'),
(746, 'Resolucin de cupo de la empresa'),
(747, 'Resolucin de desembolso'),
(748, 'Resolucin declaratoria desierta'),
(749, 'Resolucin Formato de Evaluacin'),
(750, 'Resolucin jornada nica'),
(751, 'Resolucin MEN aplicativo manejo'),
(752, 'Resolucin plazas vacantes'),
(753, 'Resolucin reconocimiento deportivo'),
(754, 'Resolucin Secretara de Educacin - asignacin docentes'),
(755, 'Resolucin y fallo'),
(756, 'Resoluciones'),
(757, 'Resoluciones de ascenso, vacaciones de administrativos, retiros, vinculaciones, licencias no remuneradas, traslados Vinculaciones temporales, definitivas, perodo de prueba.'),
(758, 'Resoluciones Escalafn'),
(759, 'Resoluciones Evaluacin por competencias'),
(760, 'Resoluciones horas extras'),
(761, 'Resoluciones liquidacin de cesantas parciales y defintivas'),
(762, 'Resoluciones por embriaguez - consecutivo'),
(763, 'Resoluciones sobre Valorizacin'),
(764, 'Respuesta'),
(765, 'Respuesta a la apelacin'),
(766, 'Respuesta a observaciones evaluacin'),
(767, 'Respuesta al recurso'),
(768, 'Respuesta de la administracin'),
(769, 'Respuestas a la observaciones'),
(770, 'Respuestas a las observaciones'),
(771, 'Restablecimientos de derechos nios, nias y adolescentes'),
(772, 'Retencin de ingresos y patrimonio'),
(773, 'Revisin tecnicomecnica'),
(774, 'RIT'),
(775, 'RUT'),
(776, 'Salud- ARL- pensin- contribuciones inherentes'),
(777, 'Sancin'),
(778, 'Seguro Contractual'),
(779, 'Seguro extracontractual'),
(780, 'Sentencia'),
(781, 'SOAT'),
(782, 'Solicitud'),
(783, 'Solicitud ascenso escalafn docente y reubicacin escala salarial'),
(784, 'Solicitud auxilio funerario y anexos'),
(785, 'Solicitud certificado disponibilidad preuspuestal'),
(786, 'Solicitud de disponibilidad'),
(787, 'Solicitud de disponibilidad presupuestal'),
(788, 'Solicitud de disponiblidad presupuestal'),
(789, 'Solicitud de inscripcin'),
(790, 'Solicitud de la comunidad'),
(791, 'Solicitud del ciudadano'),
(792, 'Solicitud documentos por sancin'),
(793, 'Solicitud en formato de estratificacin'),
(794, 'Solicitud escrituracin'),
(795, 'Solicitud o certificacin de la empresa'),
(796, 'Solicitud para transportar familiares en moto - CARN'),
(797, 'Solicitud permiso para transitar en horario nocturno'),
(798, 'Solicitud por escrito'),
(799, 'Solicitud prestacin pensin de invalidez y anexos'),
(800, 'Solicitud prestacin pensin jubilacin y anexos'),
(801, 'Solicitud prestacin pensin postmorten'),
(802, 'Solicitud prestacin sustitucin pensional y anexos'),
(803, 'Solicitud radicada ante la Polica Nacional'),
(804, 'Solicitud radicada en Ventanilla nica de correspondencia'),
(805, 'Solicitud renovacin'),
(806, 'Solicitud uso del suelo'),
(807, 'Solicitudes creacin, modificacin y actualizacin de documentos y registros'),
(808, 'Solicitudes de actualizacin, creacin, modificacin y registro de documentos'),
(809, 'Solicitudes de creacin, actualizacin, modificacin de documentos y registros (solicitud de la dependencia y documento modelo)'),
(810, 'Solicitudes de crdito directo y de sostenimiento'),
(811, 'Solicitudes de informes'),
(812, 'Solicitudes de informes de entes de control'),
(813, 'Solicitudes de modificaciones'),
(814, 'Solicitudes de traslados'),
(815, 'Solicitudes sobre gastos de funcionamiento'),
(816, 'soporte de pago'),
(817, 'Soporte lgico-plataforma humano - gua Banco de la excelencia'),
(818, 'Soportes'),
(819, 'Soportes de gastos'),
(820, 'Soportes de ingresos'),
(821, 'Soportes documentales de estudios y experiencias'),
(822, 'Soportes documentales de estudios y experiencias que acrediten los requisitos del cargo'),
(823, 'Soportes estudios'),
(824, 'Soportes experiencia'),
(825, 'Tablas de retencin documental'),
(826, 'Tarjeta de identidad'),
(827, 'Tarjeta de operacin'),
(828, 'Tarjeta de propiedad'),
(829, 'Tarjeta profesional'),
(830, 'Testigos'),
(831, 'Tics y ejes transversales'),
(832, 'tiempo de servicio protocolizado'),
(833, 'Traslado'),
(834, 'Tutela'),
(835, 'Ultima resolucin escalafn docente'),
(836, 'Vacunas'),
(837, 'Variacin Asistencia a las capacitaciones programadas'),
(838, 'Visita ocular'),
(839, 'Visitas tcnicas'),
(840, 'NO APLICA');

-- --------------------------------------------------------

--
-- Table structure for table `TIPO_DOCUMENTO`
--

CREATE TABLE `TIPO_DOCUMENTO` (
  `id` int(11) NOT NULL,
  `tipo` varchar(10) COLLATE utf8_unicode_ci NOT NULL
) ENGINE=InnoDB DEFAULT CHARSET=utf8 COLLATE=utf8_unicode_ci;

--
-- Dumping data for table `TIPO_DOCUMENTO`
--

INSERT INTO `TIPO_DOCUMENTO` (`id`, `tipo`) VALUES
(1, 'Peticin'),
(2, 'Queja'),
(3, 'Reclamo'),
(4, 'Solicitud');

-- --------------------------------------------------------

--
-- Table structure for table `TIPO_ID`
--

CREATE TABLE `TIPO_ID` (
  `id` int(11) NOT NULL,
  `tipo` varchar(4) COLLATE utf8_unicode_ci NOT NULL,
  `detalle` varchar(50) COLLATE utf8_unicode_ci NOT NULL
) ENGINE=InnoDB DEFAULT CHARSET=utf8 COLLATE=utf8_unicode_ci;

--
-- Dumping data for table `TIPO_ID`
--

INSERT INTO `TIPO_ID` (`id`, `tipo`, `detalle`) VALUES
(1, 'CC', 'CEDULA DE CIUDADANIA'),
(2, 'CE', 'CEDULA DE EXTRANGERIA'),
(3, 'NIT', 'NUMERO DE ID TRIBUTARIA');

-- --------------------------------------------------------

--
-- Table structure for table `TIPO_PERSONA`
--

CREATE TABLE `TIPO_PERSONA` (
  `id` int(11) NOT NULL,
  `tipo` varchar(20) COLLATE utf8_unicode_ci NOT NULL
) ENGINE=InnoDB DEFAULT CHARSET=utf8 COLLATE=utf8_unicode_ci;

--
-- Dumping data for table `TIPO_PERSONA`
--

INSERT INTO `TIPO_PERSONA` (`id`, `tipo`) VALUES
(1, 'NATURAL'),
(2, 'JURIDICA');

-- --------------------------------------------------------

--
-- Table structure for table `USUARIO_X_OFICINA_CORRESPONDENCIA`
--

CREATE TABLE `USUARIO_X_OFICINA_CORRESPONDENCIA` (
  `id` int(11) NOT NULL,
  `oficina_id` int(11) NOT NULL,
  `usuario_id` int(11) NOT NULL
) ENGINE=InnoDB DEFAULT CHARSET=utf8 COLLATE=utf8_unicode_ci;

--
-- Dumping data for table `USUARIO_X_OFICINA_CORRESPONDENCIA`
--

INSERT INTO `USUARIO_X_OFICINA_CORRESPONDENCIA` (`id`, `oficina_id`, `usuario_id`) VALUES
(2, 2, 2);

--
-- Indexes for dumped tables
--

--
-- Indexes for table `AGRUPACION_TABLAS_RETENCION`
--
ALTER TABLE `AGRUPACION_TABLAS_RETENCION`
  ADD PRIMARY KEY (`id`),
  ADD KEY `AGRUPACION_TABLAS_RE_dependencia_id_ffab24bc_fk_DEPENDENC` (`dependencia_id`),
  ADD KEY `AGRUPACION_TABLAS_RE_serie_documental_id_affd9374_fk_SERIE_DOC` (`serie_documental_id`),
  ADD KEY `AGRUPACION_TABLAS_RE_subserie_documental__14736496_fk_SUBSERIE_` (`subserie_documental_id`),
  ADD KEY `AGRUPACION_TABLAS_RE_tipo_documental_id_2d856487_fk_TIPO_DOCU` (`tipo_documental_id`);

--
-- Indexes for table `auth_group`
--
ALTER TABLE `auth_group`
  ADD PRIMARY KEY (`id`),
  ADD UNIQUE KEY `name` (`name`);

--
-- Indexes for table `auth_group_permissions`
--
ALTER TABLE `auth_group_permissions`
  ADD PRIMARY KEY (`id`),
  ADD UNIQUE KEY `auth_group_permissions_group_id_permission_id_0cd325b0_uniq` (`group_id`,`permission_id`),
  ADD KEY `auth_group_permissio_permission_id_84c5c92e_fk_auth_perm` (`permission_id`);

--
-- Indexes for table `auth_permission`
--
ALTER TABLE `auth_permission`
  ADD PRIMARY KEY (`id`),
  ADD UNIQUE KEY `auth_permission_content_type_id_codename_01ab375a_uniq` (`content_type_id`,`codename`);

--
-- Indexes for table `auth_user`
--
ALTER TABLE `auth_user`
  ADD PRIMARY KEY (`id`),
  ADD UNIQUE KEY `username` (`username`);

--
-- Indexes for table `auth_user_groups`
--
ALTER TABLE `auth_user_groups`
  ADD PRIMARY KEY (`id`),
  ADD UNIQUE KEY `auth_user_groups_user_id_group_id_94350c0c_uniq` (`user_id`,`group_id`),
  ADD KEY `auth_user_groups_group_id_97559544_fk_auth_group_id` (`group_id`);

--
-- Indexes for table `auth_user_user_permissions`
--
ALTER TABLE `auth_user_user_permissions`
  ADD PRIMARY KEY (`id`),
  ADD UNIQUE KEY `auth_user_user_permissions_user_id_permission_id_14a6b632_uniq` (`user_id`,`permission_id`),
  ADD KEY `auth_user_user_permi_permission_id_1fbb5f2c_fk_auth_perm` (`permission_id`);

--
-- Indexes for table `CONSECUTIVO`
--
ALTER TABLE `CONSECUTIVO`
  ADD PRIMARY KEY (`id`);

--
-- Indexes for table `CORRESPONDENCIA_ENTRADA`
--
ALTER TABLE `CORRESPONDENCIA_ENTRADA`
  ADD PRIMARY KEY (`id`),
  ADD KEY `CORRESPONDENCIA_ENTR_dependencia_id_d3879ee2_fk_DEPENDENC` (`dependencia_id`),
  ADD KEY `CORRESPONDENCIA_ENTR_dependencia_origen_i_b851ec05_fk_DEPENDENC` (`dependencia_origen_id`),
  ADD KEY `CORRESPONDENCIA_ENTRADA_remitente_id_fcba58c7_fk_PERSONA_id` (`remitente_id`),
  ADD KEY `CORRESPONDENCIA_ENTR_serie_documental_id_0470c785_fk_SERIE_DOC` (`serie_documental_id`),
  ADD KEY `CORRESPONDENCIA_ENTR_subserie_documental__5bcd6b5c_fk_SUBSERIE_` (`subserie_documental_id`),
  ADD KEY `CORRESPONDENCIA_ENTR_tipo_correspondencia_62ad8373_fk_TIPO_CORR` (`tipo_correspondencia_id`),
  ADD KEY `CORRESPONDENCIA_ENTR_tipo_documental_id_8f356783_fk_TIPO_DOCU` (`tipo_documental_id`),
  ADD KEY `CORRESPONDENCIA_ENTR_tipo_documento_id_8bb7d5e6_fk_TIPO_DOCU` (`tipo_documento_id`),
  ADD KEY `CORRESPONDENCIA_ENTRADA_usuario_id_922a5ae5_fk_auth_user_id` (`usuario_id`);

--
-- Indexes for table `CORRESPONDENCIA_SALIDA`
--
ALTER TABLE `CORRESPONDENCIA_SALIDA`
  ADD PRIMARY KEY (`id`),
  ADD KEY `CORRESPONDENCIA_SALI_dependencia_id_e4c09603_fk_DEPENDENC` (`dependencia_id`),
  ADD KEY `CORRESPONDENCIA_SALI_empresa_mensajeria_i_1a0bd93b_fk_EMPRESA_M` (`empresa_mensajeria_id`),
  ADD KEY `CORRESPONDENCIA_SALIDA_persona_id_6e47a3f0_fk_PERSONA_id` (`persona_id`),
  ADD KEY `CORRESPONDENCIA_SALI_serie_documental_id_9115cfc0_fk_SERIE_DOC` (`serie_documental_id`),
  ADD KEY `CORRESPONDENCIA_SALI_subserie_documental__78893e9d_fk_SUBSERIE_` (`subserie_documental_id`),
  ADD KEY `CORRESPONDENCIA_SALI_tipo_correspondencia_3d3ee373_fk_TIPO_CORR` (`tipo_correspondencia_id`),
  ADD KEY `CORRESPONDENCIA_SALI_tipo_documental_id_3753815e_fk_TIPO_DOCU` (`tipo_documental_id`),
  ADD KEY `CORRESPONDENCIA_SALI_tipo_documento_id_b178c5f8_fk_TIPO_DOCU` (`tipo_documento_id`),
  ADD KEY `CORRESPONDENCIA_SALIDA_usuario_id_55ca4836_fk_auth_user_id` (`usuario_id`);

--
-- Indexes for table `DEPENDENCIA_ALCALDIA`
--
ALTER TABLE `DEPENDENCIA_ALCALDIA`
  ADD PRIMARY KEY (`id`);

--
-- Indexes for table `DEPENDENCIA_ORIGEN`
--
ALTER TABLE `DEPENDENCIA_ORIGEN`
  ADD PRIMARY KEY (`id`),
  ADD KEY `DEPENDENCIA_ORIGEN_dependencia_id_84b72c86_fk_DEPENDENC` (`dependencia_id`);

--
-- Indexes for table `django_content_type`
--
ALTER TABLE `django_content_type`
  ADD PRIMARY KEY (`id`),
  ADD UNIQUE KEY `django_content_type_app_label_model_76bd3d3b_uniq` (`app_label`,`model`);

--
-- Indexes for table `django_migrations`
--
ALTER TABLE `django_migrations`
  ADD PRIMARY KEY (`id`);

--
-- Indexes for table `django_session`
--
ALTER TABLE `django_session`
  ADD PRIMARY KEY (`session_key`),
  ADD KEY `django_session_expire_date_a5c62663` (`expire_date`);

--
-- Indexes for table `EMPRESA_MENSAJERIA`
--
ALTER TABLE `EMPRESA_MENSAJERIA`
  ADD PRIMARY KEY (`id`),
  ADD KEY `EMPRESA_MENSAJERIA_tipo_id_id_46281e30_fk_TIPO_ID_id` (`tipo_id_id`);

--
-- Indexes for table `EVENTO_CORRESPONDENCIA_ENTRADA`
--
ALTER TABLE `EVENTO_CORRESPONDENCIA_ENTRADA`
  ADD PRIMARY KEY (`id`),
  ADD KEY `EVENTO_CORRESPONDENC_correspondencia_id_ad91eb05_fk_CORRESPON` (`correspondencia_id`),
  ADD KEY `EVENTO_CORRESPONDENC_usuario_id_040e764e_fk_auth_user` (`usuario_id`);

--
-- Indexes for table `LECTURA_CORRESPONDENCIA`
--
ALTER TABLE `LECTURA_CORRESPONDENCIA`
  ADD PRIMARY KEY (`id`),
  ADD KEY `LECTURA_CORRESPONDEN_correspondencia_id_691ac0cc_fk_CORRESPON` (`correspondencia_id`),
  ADD KEY `LECTURA_CORRESPONDENCIA_usuario_id_cc41ac1e_fk_auth_user_id` (`usuario_id`);

--
-- Indexes for table `OFICINA_RECEPCION_CORRESPONDENCIA`
--
ALTER TABLE `OFICINA_RECEPCION_CORRESPONDENCIA`
  ADD PRIMARY KEY (`id`);

--
-- Indexes for table `PERSONA`
--
ALTER TABLE `PERSONA`
  ADD PRIMARY KEY (`id`),
  ADD UNIQUE KEY `numero_id` (`numero_id`),
  ADD KEY `PERSONA_tipo_id_id_3457a117_fk_TIPO_ID_id` (`tipo_id_id`),
  ADD KEY `PERSONA_tipo_persona_id_492c7b9f_fk_TIPO_PERSONA_id` (`tipo_persona_id`),
  ADD KEY `PERSONA_usuario_id_43f1c834_fk_auth_user_id` (`usuario_id`);

--
-- Indexes for table `SERIE_DOCUMENTAL_RETENCION`
--
ALTER TABLE `SERIE_DOCUMENTAL_RETENCION`
  ADD PRIMARY KEY (`id`);

--
-- Indexes for table `SUBSERIE_DOCUMENTAL_RETENCION`
--
ALTER TABLE `SUBSERIE_DOCUMENTAL_RETENCION`
  ADD PRIMARY KEY (`id`);

--
-- Indexes for table `TIPO_CORRESPONDENCIA`
--
ALTER TABLE `TIPO_CORRESPONDENCIA`
  ADD PRIMARY KEY (`id`);

--
-- Indexes for table `TIPO_DOCUMENTAL_RETENCION`
--
ALTER TABLE `TIPO_DOCUMENTAL_RETENCION`
  ADD PRIMARY KEY (`id`);

--
-- Indexes for table `TIPO_DOCUMENTO`
--
ALTER TABLE `TIPO_DOCUMENTO`
  ADD PRIMARY KEY (`id`);

--
-- Indexes for table `TIPO_ID`
--
ALTER TABLE `TIPO_ID`
  ADD PRIMARY KEY (`id`);

--
-- Indexes for table `TIPO_PERSONA`
--
ALTER TABLE `TIPO_PERSONA`
  ADD PRIMARY KEY (`id`);

--
-- Indexes for table `USUARIO_X_OFICINA_CORRESPONDENCIA`
--
ALTER TABLE `USUARIO_X_OFICINA_CORRESPONDENCIA`
  ADD PRIMARY KEY (`id`),
  ADD KEY `USUARIO_X_OFICINA_CO_oficina_id_92bce437_fk_OFICINA_R` (`oficina_id`),
  ADD KEY `USUARIO_X_OFICINA_CO_usuario_id_6107d8a2_fk_auth_user` (`usuario_id`);

--
-- AUTO_INCREMENT for dumped tables
--

--
-- AUTO_INCREMENT for table `AGRUPACION_TABLAS_RETENCION`
--
ALTER TABLE `AGRUPACION_TABLAS_RETENCION`
  MODIFY `id` int(11) NOT NULL AUTO_INCREMENT, AUTO_INCREMENT=2261;
--
-- AUTO_INCREMENT for table `auth_group`
--
ALTER TABLE `auth_group`
  MODIFY `id` int(11) NOT NULL AUTO_INCREMENT, AUTO_INCREMENT=3;
--
-- AUTO_INCREMENT for table `auth_group_permissions`
--
ALTER TABLE `auth_group_permissions`
  MODIFY `id` int(11) NOT NULL AUTO_INCREMENT;
--
-- AUTO_INCREMENT for table `auth_permission`
--
ALTER TABLE `auth_permission`
  MODIFY `id` int(11) NOT NULL AUTO_INCREMENT, AUTO_INCREMENT=76;
--
-- AUTO_INCREMENT for table `auth_user`
--
ALTER TABLE `auth_user`
  MODIFY `id` int(11) NOT NULL AUTO_INCREMENT, AUTO_INCREMENT=3;
--
-- AUTO_INCREMENT for table `auth_user_groups`
--
ALTER TABLE `auth_user_groups`
  MODIFY `id` int(11) NOT NULL AUTO_INCREMENT, AUTO_INCREMENT=5;
--
-- AUTO_INCREMENT for table `auth_user_user_permissions`
--
ALTER TABLE `auth_user_user_permissions`
  MODIFY `id` int(11) NOT NULL AUTO_INCREMENT;
--
-- AUTO_INCREMENT for table `CONSECUTIVO`
--
ALTER TABLE `CONSECUTIVO`
  MODIFY `id` int(11) NOT NULL AUTO_INCREMENT, AUTO_INCREMENT=3;
--
-- AUTO_INCREMENT for table `CORRESPONDENCIA_ENTRADA`
--
ALTER TABLE `CORRESPONDENCIA_ENTRADA`
  MODIFY `id` int(11) NOT NULL AUTO_INCREMENT, AUTO_INCREMENT=2;
--
-- AUTO_INCREMENT for table `CORRESPONDENCIA_SALIDA`
--
ALTER TABLE `CORRESPONDENCIA_SALIDA`
  MODIFY `id` int(11) NOT NULL AUTO_INCREMENT;
--
-- AUTO_INCREMENT for table `DEPENDENCIA_ALCALDIA`
--
ALTER TABLE `DEPENDENCIA_ALCALDIA`
  MODIFY `id` int(11) NOT NULL AUTO_INCREMENT, AUTO_INCREMENT=28;
--
-- AUTO_INCREMENT for table `DEPENDENCIA_ORIGEN`
--
ALTER TABLE `DEPENDENCIA_ORIGEN`
  MODIFY `id` int(11) NOT NULL AUTO_INCREMENT;
--
-- AUTO_INCREMENT for table `django_content_type`
--
ALTER TABLE `django_content_type`
  MODIFY `id` int(11) NOT NULL AUTO_INCREMENT, AUTO_INCREMENT=26;
--
-- AUTO_INCREMENT for table `django_migrations`
--
ALTER TABLE `django_migrations`
  MODIFY `id` int(11) NOT NULL AUTO_INCREMENT, AUTO_INCREMENT=14;
--
-- AUTO_INCREMENT for table `EMPRESA_MENSAJERIA`
--
ALTER TABLE `EMPRESA_MENSAJERIA`
  MODIFY `id` int(11) NOT NULL AUTO_INCREMENT;
--
-- AUTO_INCREMENT for table `EVENTO_CORRESPONDENCIA_ENTRADA`
--
ALTER TABLE `EVENTO_CORRESPONDENCIA_ENTRADA`
  MODIFY `id` int(11) NOT NULL AUTO_INCREMENT;
--
-- AUTO_INCREMENT for table `LECTURA_CORRESPONDENCIA`
--
ALTER TABLE `LECTURA_CORRESPONDENCIA`
  MODIFY `id` int(11) NOT NULL AUTO_INCREMENT;
--
-- AUTO_INCREMENT for table `OFICINA_RECEPCION_CORRESPONDENCIA`
--
ALTER TABLE `OFICINA_RECEPCION_CORRESPONDENCIA`
  MODIFY `id` int(11) NOT NULL AUTO_INCREMENT, AUTO_INCREMENT=3;
--
-- AUTO_INCREMENT for table `PERSONA`
--
ALTER TABLE `PERSONA`
  MODIFY `id` int(11) NOT NULL AUTO_INCREMENT, AUTO_INCREMENT=3;
--
-- AUTO_INCREMENT for table `SERIE_DOCUMENTAL_RETENCION`
--
ALTER TABLE `SERIE_DOCUMENTAL_RETENCION`
  MODIFY `id` int(11) NOT NULL AUTO_INCREMENT, AUTO_INCREMENT=72;
--
-- AUTO_INCREMENT for table `SUBSERIE_DOCUMENTAL_RETENCION`
--
ALTER TABLE `SUBSERIE_DOCUMENTAL_RETENCION`
  MODIFY `id` int(11) NOT NULL AUTO_INCREMENT, AUTO_INCREMENT=202;
--
-- AUTO_INCREMENT for table `TIPO_CORRESPONDENCIA`
--
ALTER TABLE `TIPO_CORRESPONDENCIA`
  MODIFY `id` int(11) NOT NULL AUTO_INCREMENT, AUTO_INCREMENT=3;
--
-- AUTO_INCREMENT for table `TIPO_DOCUMENTAL_RETENCION`
--
ALTER TABLE `TIPO_DOCUMENTAL_RETENCION`
  MODIFY `id` int(11) NOT NULL AUTO_INCREMENT, AUTO_INCREMENT=841;
--
-- AUTO_INCREMENT for table `TIPO_DOCUMENTO`
--
ALTER TABLE `TIPO_DOCUMENTO`
  MODIFY `id` int(11) NOT NULL AUTO_INCREMENT, AUTO_INCREMENT=5;
--
-- AUTO_INCREMENT for table `TIPO_ID`
--
ALTER TABLE `TIPO_ID`
  MODIFY `id` int(11) NOT NULL AUTO_INCREMENT, AUTO_INCREMENT=4;
--
-- AUTO_INCREMENT for table `TIPO_PERSONA`
--
ALTER TABLE `TIPO_PERSONA`
  MODIFY `id` int(11) NOT NULL AUTO_INCREMENT, AUTO_INCREMENT=3;
--
-- AUTO_INCREMENT for table `USUARIO_X_OFICINA_CORRESPONDENCIA`
--
ALTER TABLE `USUARIO_X_OFICINA_CORRESPONDENCIA`
  MODIFY `id` int(11) NOT NULL AUTO_INCREMENT, AUTO_INCREMENT=3;
--
-- Constraints for dumped tables
--

--
-- Constraints for table `AGRUPACION_TABLAS_RETENCION`
--
ALTER TABLE `AGRUPACION_TABLAS_RETENCION`
  ADD CONSTRAINT `AGRUPACION_TABLAS_RE_dependencia_id_ffab24bc_fk_DEPENDENC` FOREIGN KEY (`dependencia_id`) REFERENCES `DEPENDENCIA_ALCALDIA` (`id`),
  ADD CONSTRAINT `AGRUPACION_TABLAS_RE_serie_documental_id_affd9374_fk_SERIE_DOC` FOREIGN KEY (`serie_documental_id`) REFERENCES `SERIE_DOCUMENTAL_RETENCION` (`id`),
  ADD CONSTRAINT `AGRUPACION_TABLAS_RE_subserie_documental__14736496_fk_SUBSERIE_` FOREIGN KEY (`subserie_documental_id`) REFERENCES `SUBSERIE_DOCUMENTAL_RETENCION` (`id`),
  ADD CONSTRAINT `AGRUPACION_TABLAS_RE_tipo_documental_id_2d856487_fk_TIPO_DOCU` FOREIGN KEY (`tipo_documental_id`) REFERENCES `TIPO_DOCUMENTAL_RETENCION` (`id`);

--
-- Constraints for table `auth_group_permissions`
--
ALTER TABLE `auth_group_permissions`
  ADD CONSTRAINT `auth_group_permissio_permission_id_84c5c92e_fk_auth_perm` FOREIGN KEY (`permission_id`) REFERENCES `auth_permission` (`id`),
  ADD CONSTRAINT `auth_group_permissions_group_id_b120cbf9_fk_auth_group_id` FOREIGN KEY (`group_id`) REFERENCES `auth_group` (`id`);

--
-- Constraints for table `auth_permission`
--
ALTER TABLE `auth_permission`
  ADD CONSTRAINT `auth_permission_content_type_id_2f476e4b_fk_django_co` FOREIGN KEY (`content_type_id`) REFERENCES `django_content_type` (`id`);

--
-- Constraints for table `auth_user_groups`
--
ALTER TABLE `auth_user_groups`
  ADD CONSTRAINT `auth_user_groups_group_id_97559544_fk_auth_group_id` FOREIGN KEY (`group_id`) REFERENCES `auth_group` (`id`),
  ADD CONSTRAINT `auth_user_groups_user_id_6a12ed8b_fk_auth_user_id` FOREIGN KEY (`user_id`) REFERENCES `auth_user` (`id`);

--
-- Constraints for table `auth_user_user_permissions`
--
ALTER TABLE `auth_user_user_permissions`
  ADD CONSTRAINT `auth_user_user_permi_permission_id_1fbb5f2c_fk_auth_perm` FOREIGN KEY (`permission_id`) REFERENCES `auth_permission` (`id`),
  ADD CONSTRAINT `auth_user_user_permissions_user_id_a95ead1b_fk_auth_user_id` FOREIGN KEY (`user_id`) REFERENCES `auth_user` (`id`);

--
-- Constraints for table `CORRESPONDENCIA_ENTRADA`
--
ALTER TABLE `CORRESPONDENCIA_ENTRADA`
  ADD CONSTRAINT `CORRESPONDENCIA_ENTRADA_remitente_id_fcba58c7_fk_PERSONA_id` FOREIGN KEY (`remitente_id`) REFERENCES `PERSONA` (`id`),
  ADD CONSTRAINT `CORRESPONDENCIA_ENTRADA_usuario_id_922a5ae5_fk_auth_user_id` FOREIGN KEY (`usuario_id`) REFERENCES `auth_user` (`id`),
  ADD CONSTRAINT `CORRESPONDENCIA_ENTR_dependencia_id_d3879ee2_fk_DEPENDENC` FOREIGN KEY (`dependencia_id`) REFERENCES `DEPENDENCIA_ALCALDIA` (`id`),
  ADD CONSTRAINT `CORRESPONDENCIA_ENTR_dependencia_origen_i_b851ec05_fk_DEPENDENC` FOREIGN KEY (`dependencia_origen_id`) REFERENCES `DEPENDENCIA_ORIGEN` (`id`),
  ADD CONSTRAINT `CORRESPONDENCIA_ENTR_serie_documental_id_0470c785_fk_SERIE_DOC` FOREIGN KEY (`serie_documental_id`) REFERENCES `SERIE_DOCUMENTAL_RETENCION` (`id`),
  ADD CONSTRAINT `CORRESPONDENCIA_ENTR_subserie_documental__5bcd6b5c_fk_SUBSERIE_` FOREIGN KEY (`subserie_documental_id`) REFERENCES `SUBSERIE_DOCUMENTAL_RETENCION` (`id`),
  ADD CONSTRAINT `CORRESPONDENCIA_ENTR_tipo_correspondencia_62ad8373_fk_TIPO_CORR` FOREIGN KEY (`tipo_correspondencia_id`) REFERENCES `TIPO_CORRESPONDENCIA` (`id`),
  ADD CONSTRAINT `CORRESPONDENCIA_ENTR_tipo_documental_id_8f356783_fk_TIPO_DOCU` FOREIGN KEY (`tipo_documental_id`) REFERENCES `TIPO_DOCUMENTAL_RETENCION` (`id`),
  ADD CONSTRAINT `CORRESPONDENCIA_ENTR_tipo_documento_id_8bb7d5e6_fk_TIPO_DOCU` FOREIGN KEY (`tipo_documento_id`) REFERENCES `TIPO_DOCUMENTO` (`id`);

--
-- Constraints for table `CORRESPONDENCIA_SALIDA`
--
ALTER TABLE `CORRESPONDENCIA_SALIDA`
  ADD CONSTRAINT `CORRESPONDENCIA_SALIDA_persona_id_6e47a3f0_fk_PERSONA_id` FOREIGN KEY (`persona_id`) REFERENCES `PERSONA` (`id`),
  ADD CONSTRAINT `CORRESPONDENCIA_SALIDA_usuario_id_55ca4836_fk_auth_user_id` FOREIGN KEY (`usuario_id`) REFERENCES `auth_user` (`id`),
  ADD CONSTRAINT `CORRESPONDENCIA_SALI_dependencia_id_e4c09603_fk_DEPENDENC` FOREIGN KEY (`dependencia_id`) REFERENCES `DEPENDENCIA_ALCALDIA` (`id`),
  ADD CONSTRAINT `CORRESPONDENCIA_SALI_empresa_mensajeria_i_1a0bd93b_fk_EMPRESA_M` FOREIGN KEY (`empresa_mensajeria_id`) REFERENCES `EMPRESA_MENSAJERIA` (`id`),
  ADD CONSTRAINT `CORRESPONDENCIA_SALI_serie_documental_id_9115cfc0_fk_SERIE_DOC` FOREIGN KEY (`serie_documental_id`) REFERENCES `SERIE_DOCUMENTAL_RETENCION` (`id`),
  ADD CONSTRAINT `CORRESPONDENCIA_SALI_subserie_documental__78893e9d_fk_SUBSERIE_` FOREIGN KEY (`subserie_documental_id`) REFERENCES `SUBSERIE_DOCUMENTAL_RETENCION` (`id`),
  ADD CONSTRAINT `CORRESPONDENCIA_SALI_tipo_correspondencia_3d3ee373_fk_TIPO_CORR` FOREIGN KEY (`tipo_correspondencia_id`) REFERENCES `TIPO_CORRESPONDENCIA` (`id`),
  ADD CONSTRAINT `CORRESPONDENCIA_SALI_tipo_documental_id_3753815e_fk_TIPO_DOCU` FOREIGN KEY (`tipo_documental_id`) REFERENCES `TIPO_DOCUMENTAL_RETENCION` (`id`),
  ADD CONSTRAINT `CORRESPONDENCIA_SALI_tipo_documento_id_b178c5f8_fk_TIPO_DOCU` FOREIGN KEY (`tipo_documento_id`) REFERENCES `TIPO_DOCUMENTO` (`id`);

--
-- Constraints for table `DEPENDENCIA_ORIGEN`
--
ALTER TABLE `DEPENDENCIA_ORIGEN`
  ADD CONSTRAINT `DEPENDENCIA_ORIGEN_dependencia_id_84b72c86_fk_DEPENDENC` FOREIGN KEY (`dependencia_id`) REFERENCES `DEPENDENCIA_ALCALDIA` (`id`);

--
-- Constraints for table `EMPRESA_MENSAJERIA`
--
ALTER TABLE `EMPRESA_MENSAJERIA`
  ADD CONSTRAINT `EMPRESA_MENSAJERIA_tipo_id_id_46281e30_fk_TIPO_ID_id` FOREIGN KEY (`tipo_id_id`) REFERENCES `TIPO_ID` (`id`);

--
-- Constraints for table `EVENTO_CORRESPONDENCIA_ENTRADA`
--
ALTER TABLE `EVENTO_CORRESPONDENCIA_ENTRADA`
  ADD CONSTRAINT `EVENTO_CORRESPONDENC_correspondencia_id_ad91eb05_fk_CORRESPON` FOREIGN KEY (`correspondencia_id`) REFERENCES `CORRESPONDENCIA_ENTRADA` (`id`),
  ADD CONSTRAINT `EVENTO_CORRESPONDENC_usuario_id_040e764e_fk_auth_user` FOREIGN KEY (`usuario_id`) REFERENCES `auth_user` (`id`);

--
-- Constraints for table `LECTURA_CORRESPONDENCIA`
--
ALTER TABLE `LECTURA_CORRESPONDENCIA`
  ADD CONSTRAINT `LECTURA_CORRESPONDENCIA_usuario_id_cc41ac1e_fk_auth_user_id` FOREIGN KEY (`usuario_id`) REFERENCES `auth_user` (`id`),
  ADD CONSTRAINT `LECTURA_CORRESPONDEN_correspondencia_id_691ac0cc_fk_CORRESPON` FOREIGN KEY (`correspondencia_id`) REFERENCES `CORRESPONDENCIA_ENTRADA` (`id`);

--
-- Constraints for table `PERSONA`
--
ALTER TABLE `PERSONA`
  ADD CONSTRAINT `PERSONA_tipo_id_id_3457a117_fk_TIPO_ID_id` FOREIGN KEY (`tipo_id_id`) REFERENCES `TIPO_ID` (`id`),
  ADD CONSTRAINT `PERSONA_tipo_persona_id_492c7b9f_fk_TIPO_PERSONA_id` FOREIGN KEY (`tipo_persona_id`) REFERENCES `TIPO_PERSONA` (`id`),
  ADD CONSTRAINT `PERSONA_usuario_id_43f1c834_fk_auth_user_id` FOREIGN KEY (`usuario_id`) REFERENCES `auth_user` (`id`);

--
-- Constraints for table `USUARIO_X_OFICINA_CORRESPONDENCIA`
--
ALTER TABLE `USUARIO_X_OFICINA_CORRESPONDENCIA`
  ADD CONSTRAINT `USUARIO_X_OFICINA_CO_oficina_id_92bce437_fk_OFICINA_R` FOREIGN KEY (`oficina_id`) REFERENCES `OFICINA_RECEPCION_CORRESPONDENCIA` (`id`),
  ADD CONSTRAINT `USUARIO_X_OFICINA_CO_usuario_id_6107d8a2_fk_auth_user` FOREIGN KEY (`usuario_id`) REFERENCES `auth_user` (`id`);

/*!40101 SET CHARACTER_SET_CLIENT=@OLD_CHARACTER_SET_CLIENT */;
/*!40101 SET CHARACTER_SET_RESULTS=@OLD_CHARACTER_SET_RESULTS */;
/*!40101 SET COLLATION_CONNECTION=@OLD_COLLATION_CONNECTION */;
